Age,Attrition,BusinessTravel,DailyRate,Department,DistanceFromHome,Education,EducationField,EmployeeCount,EmployeeNumber,EnvironmentSatisfaction,Gender,HourlyRate,JobInvolvement,JobLevel,JobRole,JobSatisfaction,MaritalStatus,MonthlyIncome,MonthlyRate,NumCompaniesWorked,Over18,OverTime,PercentSalaryHike,PerformanceRating,RelationshipSatisfaction,StandardHours,StockOptionLevel,TotalWorkingYears,TrainingTimesLastYear,WorkLifeBalance,YearsAtCompany,YearsInCurrentRole,YearsSinceLastPromotion,YearsWithCurrManager
43,No,Non-Travel,1209,Research & Development,2,3,Other,1,1,4,Male,98,4,1,Healthcare Representative,1,Divorced,1847,26647,7,Y,Yes,13,3,2,80,2,3,3,3,1,1,1,0
24,No,Travel_Rarely,591,Sales,1,3,Technical Degree,1,2,1,Male,78,3,2,Sales Representative,4,Single,2783,14635,0,Y,Yes,17,3,3,80,3,1,4,4,1,1,1,1
47,No,Travel_Rarely,340,Sales,22,2,Technical Degree,1,3,2,Male,87,3,2,Manager,3,Married,1563,19448,1,Y,No,16,3,4,80,1,4,4,4,0,0,0,0
29,No,Travel_Rarely,1024,Research & Development,1,4,Medical,1,4,3,Female,57,2,5,Research Scientist,1,Married,10837,6800,0,Y,Yes,24,3,2,80,1,8,4,4,2,2,1,2
34,No,Non-Travel,641,Research & Development,3,4,Life Sciences,1,5,1,Male,56,3,1,Research Scientist,3,Married,1009,8683,4,Y,No,19,3,2,80,0,40,5,3,7,7,1,2
40,No,Travel_Frequently,481,Research & Development,6,4,Other,1,6,1,Female,51,3,4,Healthcare Representative,1,Married,10505,18383,3,Y,No,12,4,1,80,0,6,2,4,6,6,0,6
56,No,Travel_Rarely,900,Research & Development,1,4,Medical,1,7,4,Male,42,4,1,Manufacturing Director,4,Single,1723,11765,3,Y,Yes,11,3,4,80,2,3,2,2,1,1,1,1
60,No,Travel_Frequently,1044,Sales,21,1,Medical,1,8,4,Male,51,3,5,Sales Representative,3,Divorced,11693,11456,2,Y,No,25,4,3,80,1,2,3,3,2,2,2,2
43,No,Travel_Rarely,1453,Research & Development,3,5,Medical,1,9,1,Male,34,3,3,Manufacturing Director,4,Married,6023,15265,6,Y,No,19,3,1,80,1,2,3,3,2,1,1,2
36,Yes,Travel_Frequently,1429,Sales,1,4,Medical,1,10,2,Male,51,4,2,Sales Executive,1,Single,1009,5279,1,Y,No,17,3,4,80,0,2,4,4,2,1,1,1
42,No,Travel_Rarely,1407,Research & Development,29,4,Medical,1,11,4,Male,82,2,2,Manufacturing Director,3,Married,7262,9358,2,Y,No,15,3,3,80,0,16,4,3,4,4,4,1
46,Yes,Travel_Frequently,796,Human Resources,3,1,Life Sciences,1,12,1,Male,68,1,1,Human Resources,2,Single,1009,17835,3,Y,No,16,3,2,80,0,1,3,2,1,1,0,1
35,No,Non-Travel,1470,Sales,19,5,Technical Degree,1,13,3,Male,66,3,1,Sales Executive,3,Married,1881,25604,2,Y,No,11,3,2,80,1,40,2,3,0,0,0,0
54,No,Travel_Rarely,236,Research & Development,5,4,Medical,1,14,4,Male,60,2,1,Laboratory Technician,4,Single,1009,20853,1,Y,No,16,3,2,80,1,8,6,3,2,2,2,1
40,No,Travel_Frequently,462,Research & Development,10,4,Medical,1,15,4,Male,91,2,1,Research Scientist,4,Married,3958,22922,1,Y,No,15,3,3,80,3,9,2,2,1,1,1,0
42,No,Travel_Rarely,670,Research & Development,2,1,Life Sciences,1,16,3,Male,35,3,1,Research Scientist,4,Married,2715,17623,0,Y,Yes,12,3,2,80,1,5,2,3,1,1,1,1
44,No,Non-Travel,1240,Research & Development,6,4,Life Sciences,1,17,1,Female,63,3,3,Research Scientist,4,Married,6260,8544,1,Y,No,13,3,3,80,0,13,3,3,13,8,3,5
41,No,Travel_Rarely,287,Research & Development,3,5,Life Sciences,1,18,2,Female,81,3,2,Manufacturing Director,1,Married,4412,18676,2,Y,No,21,3,4,80,0,7,1,3,3,3,0,2
45,No,Travel_Frequently,579,Research & Development,27,4,Marketing,1,19,4,Male,59,4,1,Research Scientist,2,Divorced,5017,5342,0,Y,No,15,3,3,80,2,4,2,3,4,4,2,4
32,No,Travel_Rarely,989,Research & Development,1,3,Life Sciences,1,20,4,Male,42,3,4,Research Scientist,3,Single,9891,3241,2,Y,No,23,3,2,80,0,3,2,2,3,3,3,2
33,Yes,Travel_Rarely,102,Research & Development,3,5,Human Resources,1,21,3,Male,87,2,2,Laboratory Technician,3,Single,4727,23754,6,Y,No,11,4,3,80,1,29,1,4,0,0,0,0
28,No,Travel_Rarely,951,Research & Development,20,3,Life Sciences,1,22,4,Female,82,2,5,Research Scientist,2,Divorced,11088,8844,1,Y,Yes,13,4,4,80,1,4,3,3,2,2,0,2
42,No,Non-Travel,1069,Research & Development,6,3,Life Sciences,1,23,4,Male,49,2,3,Laboratory Technician,3,Single,4658,6800,1,Y,No,11,3,1,80,0,6,2,1,6,2,4,6
45,Yes,Travel_Frequently,642,Research & Development,8,3,Life Sciences,1,24,3,Male,35,2,1,Laboratory Technician,3,Divorced,2260,6129,6,Y,Yes,11,3,1,80,0,5,3,3,5,0,3,3
42,No,Non-Travel,1093,Research & Development,9,5,Life Sciences,1,25,4,Male,84,2,2,Healthcare Representative,3,Divorced,5488,18334,3,Y,No,12,4,3,80,0,1,2,3,1,1,1,1
53,No,Travel_Rarely,803,Sales,1,1,Marketing,1,26,3,Male,60,3,3,Sales Representative,4,Married,9149,12011,0,Y,No,16,3,3,80,0,2,4,1,2,2,2,2
38,No,Travel_Frequently,371,Research & Development,1,3,Technical Degree,1,27,3,Male,88,3,1,Healthcare Representative,3,Divorced,1009,6062,1,Y,No,16,4,2,80,1,2,2,3,2,1,2,2
44,Yes,Travel_Rarely,999,Research & Development,25,4,Medical,1,28,2,Female,48,3,1,Research Scientist,1,Single,1009,13375,3,Y,No,13,3,4,80,1,13,2,3,2,1,2,1
28,No,Travel_Rarely,520,Research & Development,3,4,Life Sciences,1,29,4,Male,99,4,1,Research Scientist,1,Single,1629,7148,2,Y,No,11,3,3,80,3,6,2,3,1,1,1,1
34,No,Non-Travel,1452,Research & Development,4,3,Life Sciences,1,30,3,Female,57,3,1,Research Director,4,Married,2495,15579,2,Y,No,21,3,4,80,2,17,2,3,2,0,1,1
44,No,Travel_Rarely,296,Research & Development,10,4,Medical,1,31,2,Male,42,3,2,Research Scientist,4,Married,4782,19904,2,Y,No,14,3,1,80,1,14,3,3,3,3,3,0
45,No,Travel_Rarely,356,Research & Development,2,5,Other,1,32,4,Male,81,2,2,Research Scientist,3,Divorced,4817,20319,4,Y,No,11,3,4,80,1,2,3,2,0,0,0,0
35,No,Travel_Rarely,180,Research & Development,12,1,Life Sciences,1,33,4,Female,90,3,1,Laboratory Technician,2,Single,3112,25765,1,Y,No,16,3,1,80,1,9,5,4,5,1,4,5
37,No,Travel_Rarely,1223,Sales,6,3,Marketing,1,34,4,Male,70,3,3,Sales Executive,4,Married,6145,6957,3,Y,No,16,3,3,80,0,15,5,2,9,5,3,0
24,No,Travel_Rarely,1275,Human Resources,17,1,Medical,1,35,1,Female,74,2,2,Human Resources,3,Married,6401,16525,9,Y,No,14,3,3,80,3,11,3,3,5,5,0,1
34,No,Travel_Rarely,887,Sales,3,3,Life Sciences,1,36,3,Male,36,4,1,Sales Executive,4,Married,3150,14179,1,Y,Yes,16,3,2,80,1,10,0,2,1,0,1,1
46,Yes,Travel_Rarely,915,Research & Development,2,3,Medical,1,37,2,Male,43,3,1,Healthcare Representative,4,Single,2020,8268,4,Y,Yes,11,3,4,80,2,15,3,3,4,1,1,4
43,No,Travel_Rarely,548,Research & Development,16,4,Life Sciences,1,38,4,Female,65,2,1,Healthcare Representative,2,Married,4901,20622,1,Y,No,18,3,1,80,3,1,1,3,1,1,1,1
42,No,Travel_Rarely,224,Sales,4,4,Technical Degree,1,39,1,Male,37,4,2,Sales Executive,3,Divorced,7335,2798,1,Y,No,12,3,3,80,1,14,3,2,0,0,0,0
38,Yes,Travel_Rarely,777,Research & Development,5,2,Life Sciences,1,40,3,Female,41,4,1,Manufacturing Director,1,Single,3899,12054,7,Y,No,13,3,2,80,0,4,2,3,0,0,0,0
38,No,Travel_Rarely,460,Research & Development,14,1,Marketing,1,41,4,Male,69,3,2,Manufacturing Director,2,Divorced,1009,3163,0,Y,No,18,3,4,80,1,9,4,2,3,1,2,3
32,No,Travel_Rarely,340,Research & Development,9,3,Life Sciences,1,42,2,Female,91,3,2,Manufacturing Director,4,Married,7368,14160,1,Y,No,20,3,1,80,1,3,5,3,2,1,2,0
44,No,Travel_Rarely,906,Research & Development,5,3,Other,1,43,4,Male,43,3,2,Manager,4,Married,6192,9822,2,Y,Yes,21,3,4,80,1,20,2,3,19,1,1,2
41,No,Travel_Rarely,784,Sales,3,2,Life Sciences,1,44,4,Male,78,3,1,Sales Executive,4,Married,5510,24958,1,Y,No,19,3,4,80,0,7,3,2,6,0,0,4
42,No,Travel_Rarely,770,Research & Development,13,4,Technical Degree,1,45,2,Female,80,2,1,Laboratory Technician,3,Single,4356,25295,2,Y,No,14,3,4,80,0,11,3,4,2,2,1,1
33,No,Travel_Rarely,305,Sales,2,5,Technical Degree,1,46,1,Female,91,3,2,Sales Executive,1,Married,7368,8522,1,Y,Yes,11,3,1,80,3,17,2,2,9,9,5,1
18,No,Travel_Rarely,244,Research & Development,24,3,Other,1,47,2,Female,34,4,4,Healthcare Representative,1,Divorced,11318,24755,0,Y,No,20,3,3,80,3,25,5,2,3,3,3,3
47,No,Travel_Frequently,288,Research & Development,1,4,Medical,1,48,2,Female,96,3,3,Research Director,2,Married,9523,11054,1,Y,No,20,3,1,80,0,14,2,3,1,1,1,1
33,No,Travel_Frequently,223,Research & Development,15,3,Marketing,1,49,4,Female,30,4,2,Laboratory Technician,3,Divorced,7991,17124,2,Y,No,13,3,4,80,2,2,1,3,2,2,0,1
30,No,Travel_Rarely,1475,Research & Development,5,4,Life Sciences,1,50,4,Male,78,4,2,Research Director,3,Married,5325,16968,2,Y,No,19,3,4,80,0,21,4,3,7,5,2,3
44,Yes,Travel_Rarely,1225,Human Resources,2,3,Life Sciences,1,51,1,Male,46,3,2,Human Resources,1,Single,2642,14009,2,Y,No,14,3,3,80,2,11,2,2,0,0,0,0
34,No,Non-Travel,385,Sales,5,2,Medical,1,52,3,Male,64,3,4,Manager,4,Married,9539,10545,2,Y,No,21,3,4,80,0,10,1,3,2,1,2,2
47,No,Travel_Rarely,1050,Sales,2,5,Life Sciences,1,53,3,Male,96,2,1,Sales Executive,2,Divorced,3085,25124,1,Y,No,13,3,1,80,3,28,3,3,2,2,1,0
43,No,Travel_Rarely,628,Sales,1,3,Other,1,54,1,Male,42,3,5,Sales Executive,4,Single,12612,8829,4,Y,No,23,3,3,80,1,3,3,2,2,2,0,2
44,Yes,Travel_Rarely,485,Research & Development,2,4,Life Sciences,1,55,2,Male,66,3,3,Research Scientist,3,Divorced,5630,21421,0,Y,Yes,18,3,2,80,0,3,3,3,3,3,3,3
25,No,Travel_Rarely,999,Sales,18,3,Medical,1,56,2,Male,67,2,3,Sales Executive,1,Divorced,5053,17720,1,Y,No,22,3,4,80,0,8,3,3,8,5,1,8
49,No,Travel_Rarely,288,Research & Development,1,1,Medical,1,57,3,Female,35,3,1,Research Scientist,4,Married,1388,26753,3,Y,No,13,3,4,80,0,15,1,3,9,8,1,5
40,No,Travel_Rarely,1133,Research & Development,29,2,Medical,1,58,3,Male,92,3,2,Research Scientist,4,Single,6212,22983,1,Y,No,17,3,4,80,1,7,3,2,7,3,4,2
34,No,Travel_Rarely,725,Research & Development,1,3,Medical,1,59,4,Male,78,3,2,Manufacturing Director,3,Married,7371,7369,2,Y,No,12,3,4,80,2,11,2,3,11,5,9,2
39,No,Travel_Rarely,646,Research & Development,10,4,Life Sciences,1,60,1,Male,38,2,1,Healthcare Representative,3,Single,3875,22039,1,Y,No,18,4,2,80,1,7,6,2,0,0,0,0
22,No,Travel_Rarely,1015,Research & Development,17,3,Medical,1,61,4,Female,65,2,1,Research Scientist,1,Divorced,4086,24949,2,Y,Yes,19,3,4,80,2,10,0,3,1,1,1,1
41,Yes,Travel_Rarely,191,Research & Development,24,4,Life Sciences,1,62,3,Female,52,3,4,Healthcare Representative,3,Married,9879,16367,1,Y,No,24,3,2,80,1,19,2,3,4,4,1,4
28,No,Travel_Rarely,597,Sales,1,4,Other,1,63,4,Female,86,4,2,Sales Representative,4,Married,2387,11925,9,Y,No,17,3,4,80,3,2,5,3,2,2,0,2
25,No,Travel_Rarely,1061,Research & Development,11,4,Marketing,1,64,3,Male,79,3,2,Research Scientist,1,Married,4317,20871,1,Y,No,18,4,4,80,1,13,6,3,4,4,0,2
24,No,Travel_Rarely,217,Research & Development,1,3,Other,1,65,4,Male,88,3,1,Research Scientist,2,Married,2112,24718,2,Y,No,13,4,1,80,0,17,4,4,2,2,2,2
48,No,Non-Travel,786,Research & Development,4,4,Life Sciences,1,66,4,Male,36,3,3,Laboratory Technician,4,Married,6754,21162,5,Y,No,17,3,2,80,2,7,1,3,1,1,0,1
32,Yes,Travel_Rarely,1145,Research & Development,12,3,Life Sciences,1,67,3,Male,76,3,3,Laboratory Technician,2,Married,7582,20708,3,Y,Yes,14,3,1,80,0,4,3,3,4,2,4,4
51,No,Travel_Rarely,233,Sales,4,3,Life Sciences,1,68,3,Male,85,2,2,Sales Representative,3,Married,5662,13684,2,Y,Yes,16,3,4,80,3,0,2,2,0,0,0,0
33,No,Travel_Frequently,1417,Research & Development,3,2,Life Sciences,1,69,4,Male,37,3,2,Laboratory Technician,3,Married,6280,22225,2,Y,No,16,3,1,80,0,18,4,3,3,0,2,3
22,No,Travel_Rarely,1479,Human Resources,1,3,Life Sciences,1,70,4,Male,65,3,2,Human Resources,3,Divorced,4583,2989,2,Y,Yes,14,3,3,80,0,4,0,3,0,0,0,0
28,No,Travel_Rarely,1362,Sales,1,1,Medical,1,71,4,Female,71,3,2,Sales Representative,3,Married,2144,10946,4,Y,No,15,3,4,80,0,5,2,3,5,1,2,1
49,No,Non-Travel,324,Research & Development,1,3,Life Sciences,1,72,4,Female,68,4,1,Laboratory Technician,2,Married,1776,23518,0,Y,No,14,3,2,80,1,5,3,4,2,2,1,1
36,No,Travel_Frequently,537,Research & Development,19,2,Medical,1,73,3,Male,94,3,5,Healthcare Representative,1,Married,12566,13135,5,Y,No,14,3,3,80,0,8,1,4,2,0,2,2
33,No,Non-Travel,1164,Sales,1,3,Technical Degree,1,74,1,Male,73,3,2,Sales Executive,4,Single,6834,12711,2,Y,No,19,3,3,80,3,13,3,3,3,3,1,1
39,Yes,Travel_Frequently,428,Sales,11,4,Marketing,1,75,2,Male,75,2,1,Manager,4,Single,1648,3204,5,Y,No,16,3,1,80,0,16,4,3,9,9,3,4
42,No,Travel_Rarely,1334,Sales,13,3,Life Sciences,1,76,4,Male,42,4,2,Sales Executive,3,Divorced,5769,22223,0,Y,Yes,16,3,4,80,0,5,3,3,5,5,2,4
48,No,Travel_Rarely,207,Sales,8,2,Life Sciences,1,77,2,Female,66,3,3,Sales Representative,3,Married,7935,8917,5,Y,No,11,3,2,80,0,12,2,2,6,5,0,3
51,No,Travel_Frequently,753,Research & Development,12,2,Medical,1,78,1,Male,43,4,1,Healthcare Representative,2,Married,2566,11444,0,Y,No,17,3,2,80,0,14,4,3,3,3,2,0
34,No,Non-Travel,1374,Research & Development,10,4,Life Sciences,1,79,4,Female,42,3,1,Laboratory Technician,1,Married,3896,4231,3,Y,No,17,3,3,80,0,4,1,3,3,1,2,0
26,Yes,Travel_Rarely,668,Research & Development,5,2,Medical,1,80,4,Male,41,3,3,Healthcare Representative,4,Single,6509,15201,1,Y,Yes,14,3,3,80,0,1,2,3,1,1,1,0
34,No,Travel_Rarely,731,Sales,4,3,Life Sciences,1,81,2,Female,84,3,1,Manager,3,Married,1637,3934,3,Y,No,23,3,4,80,0,25,3,4,19,0,5,1
40,No,Travel_Rarely,789,Research & Development,26,3,Technical Degree,1,82,2,Male,57,2,3,Healthcare Representative,2,Married,7482,20388,2,Y,No,11,3,4,80,0,12,1,2,7,6,0,7
29,Yes,Travel_Rarely,1479,Research & Development,29,4,Marketing,1,83,3,Female,51,3,1,Manufacturing Director,1,Married,1540,13196,0,Y,Yes,18,4,3,80,0,11,1,3,0,0,0,0
29,No,Travel_Rarely,571,Research & Development,9,3,Medical,1,84,1,Male,48,4,3,Research Director,1,Married,8262,2836,2,Y,No,18,4,2,80,1,1,2,3,1,1,1,1
41,No,Travel_Rarely,826,Research & Development,2,4,Life Sciences,1,85,4,Female,59,2,1,Laboratory Technician,2,Single,1430,5254,1,Y,No,17,3,2,80,0,19,5,3,4,2,4,0
37,No,Non-Travel,366,Research & Development,5,1,Life Sciences,1,86,2,Male,83,2,1,Laboratory Technician,4,Single,2839,19794,2,Y,No,16,3,2,80,0,9,5,4,9,3,0,4
38,No,Travel_Frequently,938,Sales,6,3,Marketing,1,87,4,Male,44,3,4,Sales Executive,4,Divorced,9850,6635,3,Y,No,17,3,3,80,0,21,3,4,12,3,2,4
31,No,Travel_Rarely,952,Research & Development,13,2,Medical,1,88,4,Female,59,3,2,Research Scientist,4,Married,5322,26044,0,Y,No,18,4,4,80,1,40,1,2,1,1,1,1
36,No,Travel_Rarely,1409,Sales,10,2,Life Sciences,1,89,3,Female,58,3,2,Sales Representative,4,Married,4310,9775,2,Y,No,13,3,2,80,0,35,1,2,9,1,2,9
29,No,Travel_Rarely,886,Research & Development,7,2,Life Sciences,1,90,2,Female,61,3,1,Research Director,4,Single,1991,25485,2,Y,No,16,3,2,80,1,21,2,2,5,2,1,5
46,No,Non-Travel,635,Research & Development,10,3,Life Sciences,1,91,3,Female,59,3,2,Research Scientist,3,Single,5144,22283,1,Y,No,15,3,3,80,3,0,2,3,0,0,0,0
47,No,Travel_Rarely,470,Sales,1,3,Marketing,1,92,3,Female,45,3,2,Sales Executive,2,Married,5303,16389,8,Y,Yes,11,3,1,80,0,24,1,3,8,0,1,3
21,Yes,Travel_Frequently,800,Sales,13,4,Life Sciences,1,93,2,Male,65,3,5,Sales Representative,4,Married,12494,10202,2,Y,Yes,18,3,4,80,0,1,3,3,1,1,0,1
29,No,Travel_Rarely,1047,Research & Development,2,3,Medical,1,94,4,Male,77,4,5,Research Scientist,2,Married,15058,20209,1,Y,Yes,13,3,3,80,0,21,3,3,0,0,0,0
24,Yes,Travel_Rarely,255,Sales,10,4,Medical,1,95,3,Male,57,3,3,Sales Representative,2,Single,6014,11941,0,Y,No,11,3,3,80,0,4,2,3,4,0,0,4
32,No,Travel_Rarely,721,Research & Development,1,3,Medical,1,96,4,Female,91,4,2,Research Scientist,2,Married,4904,25887,2,Y,No,13,3,2,80,0,10,4,3,7,7,2,0
37,Yes,Travel_Rarely,417,Research & Development,1,3,Technical Degree,1,97,1,Male,85,1,2,Healthcare Representative,3,Single,2640,16362,1,Y,Yes,12,4,4,80,1,0,4,3,0,0,0,0
25,No,Travel_Frequently,1425,Research & Development,1,3,Technical Degree,1,98,1,Male,85,2,3,Laboratory Technician,2,Single,8058,17115,1,Y,No,19,4,1,80,3,16,3,3,3,1,1,2
29,Yes,Travel_Rarely,912,Research & Development,22,1,Medical,1,99,4,Male,46,2,1,Healthcare Representative,1,Married,1009,20045,0,Y,No,16,3,4,80,0,1,1,2,1,0,1,1
29,No,Non-Travel,252,Research & Development,8,1,Life Sciences,1,100,3,Female,91,3,1,Research Scientist,3,Single,2083,20288,2,Y,No,20,3,2,80,0,6,5,3,1,1,1,1
39,No,Travel_Rarely,276,Research & Development,4,3,Medical,1,101,3,Male,50,4,1,Healthcare Representative,4,Single,1942,9968,2,Y,No,13,3,4,80,1,19,3,3,13,3,1,1
38,No,Non-Travel,1180,Research & Development,14,5,Medical,1,102,3,Male,66,3,1,Laboratory Technician,3,Married,2921,7217,0,Y,No,18,4,4,80,0,13,2,3,0,0,0,0
31,No,Travel_Rarely,880,Research & Development,9,4,Medical,1,103,2,Male,63,4,1,Manufacturing Director,4,Married,1671,13302,2,Y,No,25,3,1,80,0,0,3,4,0,0,0,0
39,No,Travel_Rarely,1436,Research & Development,9,1,Medical,1,104,4,Male,58,3,2,Research Director,2,Divorced,4107,16962,8,Y,No,17,3,4,80,1,6,2,4,1,1,0,1
33,Yes,Travel_Rarely,255,Sales,6,4,Life Sciences,1,105,1,Male,97,3,3,Sales Executive,1,Married,9654,17691,9,Y,No,18,3,3,80,0,0,3,3,0,0,0,0
35,No,Travel_Rarely,602,Research & Development,1,4,Medical,1,106,3,Female,89,4,2,Laboratory Technician,3,Single,5427,10763,5,Y,No,18,3,1,80,2,12,3,3,7,2,0,2
53,No,Travel_Rarely,1315,Research & Development,3,3,Life Sciences,1,107,3,Female,40,3,1,Laboratory Technician,3,Single,1658,25758,4,Y,No,11,3,1,80,0,38,3,3,4,3,4,1
50,No,Travel_Frequently,607,Sales,1,4,Marketing,1,108,4,Female,89,3,1,Sales Executive,3,Divorced,2124,7946,1,Y,No,17,3,3,80,1,12,3,3,2,2,2,2
26,No,Travel_Frequently,250,Research & Development,10,3,Life Sciences,1,109,3,Male,63,2,2,Healthcare Representative,4,Married,7468,6799,0,Y,No,16,3,3,80,1,3,3,2,3,2,3,1
45,No,Travel_Rarely,109,Research & Development,3,2,Marketing,1,110,1,Female,62,4,1,Healthcare Representative,4,Married,2147,2235,1,Y,Yes,14,3,4,80,0,5,1,3,0,0,0,0
45,No,Travel_Rarely,694,Research & Development,5,3,Life Sciences,1,111,3,Male,39,3,2,Laboratory Technician,4,Single,3966,17091,2,Y,No,12,3,4,80,0,40,1,2,2,2,0,2
27,No,Travel_Rarely,692,Research & Development,4,3,Life Sciences,1,112,1,Male,89,3,5,Research Scientist,3,Married,11473,6749,5,Y,No,18,3,3,80,0,3,2,3,0,0,0,0
45,No,Travel_Rarely,570,Sales,1,3,Marketing,1,113,2,Female,55,2,1,Sales Executive,2,Single,1676,20576,1,Y,No,12,4,4,80,2,9,2,3,0,0,0,0
51,No,Travel_Rarely,422,Sales,29,3,Life Sciences,1,114,1,Male,54,3,1,Sales Executive,3,Married,1608,12856,2,Y,No,23,4,3,80,1,6,2,4,3,3,1,2
27,Yes,Travel_Rarely,673,Research & Development,24,5,Technical Degree,1,115,3,Male,31,4,2,Manager,1,Divorced,3081,7483,3,Y,No,16,3,2,80,0,16,3,3,2,2,1,2
29,No,Travel_Frequently,552,Sales,1,4,Medical,1,116,1,Female,32,4,5,Sales Executive,2,Divorced,10814,19764,1,Y,No,11,4,4,80,1,22,2,4,2,2,2,2
47,Yes,Travel_Frequently,229,Sales,16,4,Medical,1,117,3,Male,61,1,3,Sales Representative,2,Married,6256,2901,2,Y,Yes,13,3,1,80,1,5,3,2,5,1,0,1
40,No,Travel_Rarely,1412,Research & Development,6,4,Life Sciences,1,118,4,Female,30,3,4,Research Scientist,3,Married,10887,9482,1,Y,No,14,3,2,80,3,12,4,2,1,1,1,1
43,Yes,Travel_Rarely,954,Sales,13,5,Medical,1,119,4,Male,53,3,1,Sales Executive,1,Divorced,1928,22283,9,Y,Yes,24,3,4,80,0,9,1,3,9,1,1,7
41,No,Non-Travel,188,Research & Development,1,1,Medical,1,120,1,Female,79,2,5,Manufacturing Director,1,Married,12189,6598,2,Y,Yes,12,3,3,80,2,4,3,3,4,3,2,1
41,Yes,Travel_Rarely,1206,Sales,1,2,Medical,1,121,2,Male,72,3,1,Sales Representative,3,Single,4405,3067,2,Y,No,15,3,1,80,0,3,5,1,3,1,3,3
26,No,Travel_Rarely,635,Sales,20,3,Marketing,1,122,3,Male,73,2,1,Manager,3,Married,4443,5032,1,Y,Yes,13,3,1,80,2,9,2,2,6,5,2,0
47,No,Travel_Rarely,1377,Research & Development,21,4,Medical,1,123,4,Female,62,3,4,Laboratory Technician,4,Single,9577,2179,2,Y,No,17,3,3,80,0,2,5,3,2,0,1,1
48,No,Travel_Frequently,291,Research & Development,6,3,Life Sciences,1,124,1,Male,67,3,4,Laboratory Technician,3,Married,9054,26201,1,Y,No,13,3,4,80,0,18,3,3,1,0,1,1
36,No,Travel_Rarely,925,Research & Development,18,4,Life Sciences,1,125,4,Male,81,3,1,Manufacturing Director,1,Married,1203,12082,1,Y,No,11,3,3,80,2,1,3,3,1,1,1,1
37,No,Travel_Rarely,480,Research & Development,10,2,Life Sciences,1,126,3,Male,64,3,1,Healthcare Representative,2,Married,3539,16533,1,Y,No,14,4,3,80,2,1,0,3,1,1,0,1
24,Yes,Travel_Rarely,557,Sales,2,2,Life Sciences,1,127,3,Male,46,4,1,Sales Executive,1,Married,2193,17169,0,Y,Yes,14,3,2,80,0,5,4,2,5,5,5,5
42,No,Travel_Rarely,1133,Sales,4,4,Marketing,1,128,4,Male,87,2,1,Sales Executive,4,Single,1920,20986,2,Y,No,13,3,2,80,1,1,3,4,1,1,1,1
43,No,Travel_Rarely,419,Research & Development,1,2,Technical Degree,1,129,4,Male,77,3,1,Laboratory Technician,4,Married,1280,19622,1,Y,No,13,3,1,80,0,7,3,3,1,1,1,1
37,No,Travel_Frequently,435,Research & Development,13,3,Life Sciences,1,130,4,Female,72,2,5,Research Director,2,Divorced,11346,26306,6,Y,No,20,4,2,80,0,6,4,3,2,0,2,2
48,Yes,Travel_Rarely,331,Research & Development,29,2,Other,1,131,2,Male,77,3,3,Laboratory Technician,2,Married,7980,17805,0,Y,Yes,14,3,3,80,0,14,3,3,1,1,1,1
35,No,Travel_Rarely,765,Research & Development,7,3,Medical,1,132,3,Male,73,1,3,Research Scientist,4,Married,5527,23142,0,Y,No,11,3,2,80,0,34,2,4,12,5,2,1
43,No,Non-Travel,609,Research & Development,10,4,Human Resources,1,133,3,Male,62,2,3,Laboratory Technician,3,Divorced,8992,13546,5,Y,Yes,13,3,1,80,1,15,1,3,14,1,0,3
28,No,Travel_Rarely,891,Research & Development,12,3,Marketing,1,134,2,Male,31,3,2,Research Scientist,4,Divorced,4199,17298,0,Y,No,15,3,4,80,0,2,1,3,2,1,2,2
37,No,Travel_Frequently,1025,Sales,2,3,Marketing,1,135,3,Female,39,3,3,Sales Executive,2,Single,7276,23123,0,Y,No,11,3,4,80,0,30,4,3,1,0,1,1
36,No,Travel_Rarely,1412,Research & Development,4,1,Life Sciences,1,136,2,Male,57,4,2,Research Scientist,2,Single,2995,24310,0,Y,No,21,3,4,80,3,5,1,3,1,1,1,1
40,No,Travel_Frequently,1070,Research & Development,5,4,Life Sciences,1,137,1,Female,76,3,1,Laboratory Technician,4,Married,2481,15536,4,Y,No,18,3,3,80,0,7,2,3,7,1,0,2
34,Yes,Travel_Rarely,861,Sales,8,3,Life Sciences,1,138,2,Male,37,4,2,Sales Representative,3,Divorced,4508,6360,4,Y,Yes,20,3,1,80,1,6,2,3,6,0,2,3
36,No,Travel_Rarely,547,Research & Development,17,3,Marketing,1,139,4,Female,52,3,2,Laboratory Technician,3,Divorced,4925,11639,1,Y,No,17,3,4,80,2,4,4,3,2,2,2,2
45,No,Non-Travel,1468,Human Resources,3,4,Life Sciences,1,140,4,Male,77,2,4,Human Resources,3,Divorced,12208,22608,3,Y,No,11,3,1,80,0,25,3,2,0,0,0,0
34,No,Travel_Rarely,426,Human Resources,6,2,Technical Degree,1,141,3,Female,92,3,5,Manager,3,Married,12767,3285,2,Y,Yes,21,3,3,80,0,4,6,4,3,3,3,1
23,No,Travel_Rarely,978,Research & Development,13,4,Life Sciences,1,142,3,Male,66,3,2,Healthcare Representative,4,Married,3808,18461,6,Y,No,12,4,4,80,1,10,3,3,0,0,0,0
53,No,Travel_Rarely,268,Research & Development,1,3,Technical Degree,1,143,1,Male,41,3,3,Healthcare Representative,2,Single,6433,17964,0,Y,No,12,3,4,80,1,3,4,3,3,1,0,2
50,No,Travel_Rarely,1421,Research & Development,6,3,Life Sciences,1,144,4,Male,94,3,1,Research Scientist,2,Single,3393,11533,4,Y,No,16,3,4,80,1,18,1,3,5,5,2,5
26,No,Travel_Rarely,682,Research & Development,1,2,Life Sciences,1,145,3,Male,44,3,3,Research Scientist,4,Married,9448,8015,0,Y,No,20,3,4,80,1,16,2,3,7,0,4,0
44,No,Travel_Rarely,1308,Research & Development,7,5,Life Sciences,1,146,4,Female,39,3,2,Healthcare Representative,2,Married,5423,20503,1,Y,No,19,3,3,80,3,4,1,4,4,2,4,2
33,No,Travel_Rarely,940,Research & Development,13,4,Life Sciences,1,147,4,Male,71,2,1,Manager,3,Married,3533,21989,1,Y,No,19,3,2,80,0,13,3,2,3,3,3,0
40,No,Travel_Rarely,1211,Research & Development,2,2,Life Sciences,1,148,2,Male,55,1,2,Healthcare Representative,4,Married,5915,7835,3,Y,Yes,14,3,4,80,1,13,3,3,2,2,0,0
40,Yes,Travel_Rarely,907,Research & Development,17,3,Marketing,1,149,3,Female,78,2,2,Healthcare Representative,4,Single,7129,15555,3,Y,Yes,14,3,1,80,0,9,1,3,9,4,8,4
35,No,Travel_Rarely,1274,Research & Development,4,4,Life Sciences,1,150,4,Male,52,2,1,Manufacturing Director,3,Married,1009,10118,2,Y,No,16,3,4,80,0,10,1,4,8,1,6,2
31,Yes,Non-Travel,873,Sales,2,4,Life Sciences,1,151,1,Female,93,3,4,Sales Executive,3,Single,11001,26350,3,Y,Yes,15,3,2,80,0,9,3,3,3,3,0,3
31,No,Travel_Rarely,1029,Research & Development,6,4,Technical Degree,1,152,3,Female,46,2,1,Laboratory Technician,4,Married,3976,22170,3,Y,No,18,4,1,80,0,1,2,3,1,1,1,1
29,No,Non-Travel,962,Research & Development,19,3,Life Sciences,1,153,4,Male,63,3,5,Healthcare Representative,4,Married,10492,24977,4,Y,No,18,3,4,80,2,12,3,2,0,0,0,0
30,No,Travel_Rarely,1057,Research & Development,1,4,Other,1,154,2,Female,86,3,3,Manager,4,Married,6171,18242,1,Y,No,17,3,1,80,0,7,0,3,0,0,0,0
37,No,Travel_Rarely,160,Human Resources,4,3,Other,1,155,4,Male,33,2,1,Human Resources,3,Divorced,1224,15126,1,Y,No,11,3,4,80,0,6,3,2,6,3,6,4
31,No,Travel_Frequently,707,Research & Development,10,2,Life Sciences,1,156,4,Male,98,3,2,Manufacturing Director,2,Single,3907,10253,0,Y,No,16,4,2,80,0,22,3,4,5,1,0,5
44,No,Travel_Rarely,106,Sales,4,3,Life Sciences,1,157,4,Male,97,3,3,Sales Executive,3,Married,6777,15401,1,Y,Yes,15,3,4,80,0,0,3,3,0,0,0,0
51,No,Travel_Rarely,184,Sales,1,5,Life Sciences,1,158,2,Male,79,2,2,Sales Executive,4,Married,5364,6722,3,Y,No,16,3,3,80,1,3,2,3,3,3,1,1
32,No,Travel_Rarely,941,Research & Development,4,3,Marketing,1,159,2,Female,96,4,3,Laboratory Technician,4,Married,8799,8610,3,Y,No,12,3,3,80,1,1,2,3,1,0,1,1
40,Yes,Non-Travel,650,Sales,15,3,Medical,1,160,1,Female,97,1,2,Sales Executive,1,Divorced,6622,5577,3,Y,Yes,11,3,2,80,2,0,4,3,0,0,0,0
42,No,Travel_Frequently,1152,Research & Development,29,4,Medical,1,161,4,Male,88,2,2,Manufacturing Director,3,Married,3743,12224,1,Y,No,17,3,1,80,1,4,3,2,1,1,1,1
42,No,Non-Travel,626,Research & Development,1,3,Marketing,1,162,4,Male,92,3,5,Research Scientist,3,Divorced,11233,19493,3,Y,Yes,14,3,4,80,1,40,3,3,12,2,1,10
38,No,Travel_Frequently,1103,Research & Development,8,4,Life Sciences,1,163,3,Female,96,3,1,Healthcare Representative,4,Single,4474,8251,1,Y,No,17,4,1,80,0,3,3,2,3,0,3,2
44,No,Travel_Frequently,515,Research & Development,1,4,Technical Degree,1,164,2,Male,55,3,2,Manufacturing Director,3,Divorced,5970,8452,7,Y,No,13,3,2,80,1,12,1,3,1,1,1,1
42,No,Travel_Rarely,816,Research & Development,10,1,Marketing,1,165,1,Male,30,2,1,Research Director,3,Single,2624,21061,1,Y,No,20,3,3,80,0,1,4,2,1,1,1,1
26,No,Travel_Rarely,281,Sales,1,5,Medical,1,166,4,Male,97,4,3,Sales Executive,1,Divorced,8210,7233,2,Y,Yes,19,3,3,80,3,10,4,3,4,4,1,0
45,No,Travel_Rarely,884,Research & Development,1,4,Technical Degree,1,167,4,Female,47,3,3,Research Scientist,3,Married,7455,19405,3,Y,Yes,16,3,2,80,3,40,3,3,12,0,1,2
46,No,Travel_Rarely,1002,Research & Development,14,4,Marketing,1,168,4,Male,41,2,1,Laboratory Technician,1,Single,3287,11797,6,Y,No,14,3,1,80,2,4,5,3,4,0,3,4
31,No,Travel_Rarely,628,Research & Development,1,4,Life Sciences,1,169,4,Female,67,3,1,Manager,4,Married,1996,20215,1,Y,No,18,3,1,80,0,21,1,2,6,6,4,2
38,No,Non-Travel,102,Research & Development,3,4,Medical,1,170,4,Female,71,4,1,Research Director,4,Divorced,2903,8673,1,Y,No,17,3,4,80,0,40,3,3,9,9,1,2
44,No,Non-Travel,372,Sales,29,2,Medical,1,171,4,Male,65,1,2,Sales Executive,3,Single,2734,15726,1,Y,No,16,3,1,80,2,10,5,3,0,0,0,0
36,No,Travel_Rarely,585,Research & Development,29,3,Life Sciences,1,172,3,Male,45,3,2,Research Director,3,Married,3968,5132,1,Y,No,19,3,4,80,1,4,2,3,4,4,0,0
47,No,Travel_Rarely,1057,Research & Development,2,4,Other,1,173,3,Female,94,3,5,Healthcare Representative,4,Divorced,11484,9313,3,Y,No,20,3,2,80,1,12,0,2,10,1,0,1
59,No,Travel_Frequently,1173,Research & Development,7,2,Life Sciences,1,174,4,Male,96,3,2,Healthcare Representative,2,Married,4438,8594,7,Y,No,11,3,1,80,0,20,3,3,5,5,2,5
31,Yes,Travel_Rarely,795,Research & Development,7,1,Marketing,1,175,3,Female,68,3,1,Laboratory Technician,2,Single,1110,20199,0,Y,Yes,11,3,3,80,2,2,0,3,2,2,1,2
25,No,Travel_Frequently,1308,Research & Development,5,4,Medical,1,176,3,Female,88,4,4,Manufacturing Director,4,Married,9200,21244,2,Y,Yes,12,3,1,80,1,7,4,2,7,0,0,2
40,Yes,Travel_Rarely,941,Sales,23,4,Life Sciences,1,177,1,Female,67,2,2,Sales Executive,4,Married,2728,4919,6,Y,Yes,11,4,3,80,0,4,0,3,2,1,2,2
44,No,Travel_Rarely,474,Research & Development,13,2,Other,1,178,2,Female,45,2,2,Manufacturing Director,4,Divorced,5823,25148,0,Y,No,15,4,4,80,2,4,3,3,1,0,1,1
36,Yes,Travel_Rarely,640,Sales,13,4,Technical Degree,1,179,3,Female,40,4,1,Sales Representative,2,Married,2376,13020,2,Y,Yes,17,3,1,80,0,22,2,3,8,0,4,1
51,No,Travel_Rarely,771,Research & Development,3,4,Medical,1,180,2,Female,57,3,2,Manufacturing Director,1,Married,2442,10504,5,Y,Yes,15,3,4,80,1,6,2,2,6,0,2,6
26,Yes,Travel_Rarely,673,Research & Development,5,3,Life Sciences,1,181,2,Male,31,3,5,Laboratory Technician,1,Divorced,11248,10807,6,Y,No,13,3,3,80,0,5,4,2,5,5,3,5
44,No,Travel_Rarely,167,Research & Development,6,4,Life Sciences,1,182,3,Male,49,3,2,Research Scientist,2,Married,5505,18882,2,Y,No,19,3,1,80,1,10,4,2,7,1,1,1
32,No,Travel_Rarely,153,Sales,3,3,Life Sciences,1,183,1,Male,67,3,1,Sales Executive,4,Single,1685,23616,0,Y,No,16,3,1,80,0,3,2,3,3,3,1,0
53,No,Travel_Rarely,571,Sales,1,2,Life Sciences,1,184,4,Female,85,3,2,Sales Executive,2,Single,3955,15171,0,Y,No,16,3,4,80,0,3,2,3,3,3,2,0
56,No,Travel_Rarely,344,Research & Development,1,2,Medical,1,185,3,Male,68,4,4,Laboratory Technician,4,Married,9888,8252,2,Y,No,19,3,1,80,1,8,3,3,1,1,0,1
31,No,Travel_Frequently,438,Sales,2,3,Other,1,186,3,Female,60,3,1,Manager,2,Single,3015,22899,0,Y,No,15,3,4,80,1,6,4,4,6,2,4,6
33,No,Travel_Rarely,857,Sales,2,3,Medical,1,187,1,Male,52,3,2,Sales Executive,3,Divorced,2845,22175,0,Y,No,23,3,3,80,2,4,3,2,1,0,1,1
45,No,Travel_Rarely,1246,Research & Development,2,4,Technical Degree,1,188,2,Female,63,3,5,Research Scientist,4,Married,13325,7160,4,Y,No,14,4,1,80,0,1,3,1,1,1,1,1
34,No,Travel_Rarely,655,Research & Development,3,4,Medical,1,189,3,Male,46,3,1,Research Scientist,2,Single,1300,12121,3,Y,Yes,23,3,3,80,2,8,2,3,4,1,2,4
37,No,Travel_Frequently,1170,Research & Development,5,3,Medical,1,190,4,Female,53,3,3,Research Scientist,2,Married,7473,2251,5,Y,No,12,4,4,80,0,19,4,3,3,3,3,3
38,No,Travel_Rarely,153,Research & Development,6,4,Technical Degree,1,191,4,Male,64,3,2,Healthcare Representative,2,Married,4947,21653,0,Y,No,17,4,4,80,1,21,4,3,3,1,0,0
20,No,Travel_Rarely,1276,Sales,3,2,Medical,1,192,2,Male,52,2,3,Sales Executive,1,Divorced,6709,24389,1,Y,No,13,3,3,80,0,3,3,3,1,1,0,1
37,No,Travel_Rarely,514,Sales,21,1,Technical Degree,1,193,3,Male,37,3,2,Manager,3,Divorced,3465,11907,4,Y,No,19,3,4,80,0,10,3,2,2,2,2,2
31,No,Travel_Rarely,670,Research & Development,7,4,Life Sciences,1,194,2,Female,83,3,1,Research Scientist,2,Married,2071,9137,3,Y,No,13,3,1,80,1,21,3,3,0,0,0,0
33,No,Non-Travel,1334,Research & Development,14,1,Life Sciences,1,195,4,Male,50,3,3,Manager,3,Married,9938,10015,4,Y,No,16,3,4,80,0,6,4,3,4,1,0,4
51,No,Travel_Frequently,109,Research & Development,23,2,Technical Degree,1,196,4,Male,48,3,1,Research Director,4,Married,1009,16179,9,Y,Yes,13,3,4,80,3,30,4,3,10,1,1,5
26,No,Travel_Rarely,1047,Sales,2,4,Medical,1,197,3,Female,60,2,2,Sales Executive,3,Married,7538,19283,5,Y,No,19,3,4,80,0,26,4,3,14,8,1,0
45,No,Travel_Rarely,348,Sales,5,3,Technical Degree,1,198,4,Female,79,3,1,Manager,1,Single,2110,12480,2,Y,No,13,3,4,80,2,3,3,2,3,0,2,1
35,No,Travel_Rarely,935,Sales,5,4,Other,1,199,4,Female,53,3,1,Sales Executive,3,Single,2553,9329,1,Y,No,21,3,3,80,1,3,3,4,3,1,2,3
35,No,Travel_Rarely,1464,Sales,4,3,Life Sciences,1,200,4,Male,75,3,5,Sales Representative,1,Married,10870,18981,2,Y,No,12,3,3,80,1,2,4,3,2,2,2,2
45,No,Travel_Frequently,513,Research & Development,1,1,Medical,1,201,4,Male,37,3,2,Research Scientist,3,Single,3843,25714,3,Y,Yes,11,3,3,80,0,2,2,4,2,2,2,2
41,No,Travel_Rarely,1053,Research & Development,15,3,Life Sciences,1,202,4,Female,32,3,5,Research Director,3,Single,11746,26204,1,Y,No,19,3,2,80,0,26,2,2,0,0,0,0
43,No,Travel_Rarely,1470,Research & Development,1,3,Medical,1,203,3,Male,63,2,1,Research Director,2,Married,1009,24464,4,Y,No,13,3,3,80,0,29,3,3,8,4,1,5
46,Yes,Non-Travel,944,Sales,29,3,Technical Degree,1,204,3,Female,86,3,2,Sales Representative,4,Single,4687,7277,0,Y,No,15,3,2,80,1,1,5,3,1,1,0,1
35,No,Non-Travel,1421,Research & Development,13,3,Life Sciences,1,205,4,Male,87,2,1,Manufacturing Director,4,Married,1889,21117,4,Y,No,14,3,3,80,1,10,0,3,10,0,7,2
32,No,Travel_Rarely,336,Research & Development,8,4,Medical,1,206,3,Male,64,3,3,Research Scientist,4,Married,10276,11051,0,Y,Yes,11,3,2,80,1,9,2,3,7,4,0,2
28,Yes,Travel_Rarely,743,Research & Development,2,4,Marketing,1,207,4,Male,50,2,3,Laboratory Technician,2,Divorced,5751,18714,2,Y,No,15,3,1,80,2,5,2,3,1,1,1,1
30,No,Travel_Rarely,689,Sales,7,2,Life Sciences,1,208,2,Male,94,2,1,Sales Executive,3,Married,2654,6585,5,Y,No,20,3,2,80,0,11,2,4,11,11,0,0
60,No,Travel_Rarely,334,Research & Development,3,3,Technical Degree,1,209,2,Male,95,3,4,Laboratory Technician,4,Single,10372,12290,0,Y,No,19,3,4,80,0,32,2,3,7,0,3,1
49,Yes,Travel_Rarely,843,Research & Development,3,3,Medical,1,210,1,Male,86,3,1,Manufacturing Director,2,Married,1009,8054,2,Y,Yes,16,3,2,80,0,2,3,2,2,2,2,1
25,No,Travel_Rarely,1098,Research & Development,16,5,Other,1,211,3,Female,71,3,2,Research Scientist,4,Divorced,6030,3893,0,Y,No,19,3,4,80,2,1,4,3,1,1,1,0
26,No,Travel_Rarely,411,Sales,4,5,Life Sciences,1,212,3,Male,72,3,5,Manager,1,Divorced,11903,5481,6,Y,No,11,3,1,80,0,0,3,3,0,0,0,0
42,No,Travel_Rarely,1045,Research & Development,5,2,Life Sciences,1,213,4,Female,55,3,4,Healthcare Representative,1,Married,6261,18119,4,Y,Yes,14,3,3,80,1,5,2,3,1,1,1,1
43,No,Non-Travel,1009,Research & Development,17,4,Medical,1,214,3,Female,96,3,5,Manufacturing Director,4,Married,13490,22477,7,Y,Yes,17,3,1,80,0,5,4,3,1,1,1,1
43,Yes,Travel_Frequently,802,Sales,1,3,Life Sciences,1,215,4,Male,55,3,1,Sales Executive,4,Divorced,1009,3540,5,Y,Yes,15,3,1,80,0,6,3,4,1,1,0,1
35,No,Travel_Rarely,579,Research & Development,8,1,Other,1,216,2,Male,37,3,1,Research Director,4,Single,1009,2225,3,Y,No,14,3,3,80,1,8,2,3,2,1,2,2
36,No,Travel_Frequently,437,Research & Development,8,1,Life Sciences,1,217,4,Female,76,3,1,Research Director,4,Married,3532,8463,1,Y,No,11,3,3,80,0,16,2,2,4,2,1,0
41,Yes,Travel_Frequently,153,Sales,5,3,Marketing,1,218,3,Female,66,3,2,Sales Executive,1,Married,4479,7686,1,Y,Yes,11,3,2,80,1,5,4,2,5,3,1,5
38,No,Travel_Rarely,647,Research & Development,16,3,Medical,1,219,4,Female,47,4,3,Healthcare Representative,2,Single,8877,6307,2,Y,No,18,3,3,80,1,4,3,4,4,2,1,1
18,Yes,Travel_Rarely,402,Sales,26,1,Life Sciences,1,220,2,Female,65,2,1,Sales Representative,4,Married,4315,24537,2,Y,Yes,16,4,4,80,0,19,3,3,9,3,2,5
36,Yes,Travel_Frequently,742,Sales,6,4,Life Sciences,1,221,3,Female,31,4,3,Sales Executive,1,Single,6533,14720,4,Y,No,19,4,1,80,0,21,1,4,0,0,0,0
30,No,Travel_Rarely,1368,Research & Development,5,3,Medical,1,222,3,Male,32,1,1,Research Scientist,3,Married,3690,3552,1,Y,No,14,3,1,80,1,3,4,3,3,3,3,3
39,No,Travel_Rarely,457,Research & Development,6,3,Medical,1,223,3,Male,63,3,1,Research Scientist,3,Divorced,1367,7392,0,Y,No,13,3,3,80,1,4,2,3,4,4,4,1
60,No,Travel_Rarely,921,Research & Development,12,3,Life Sciences,1,224,4,Female,75,3,3,Laboratory Technician,1,Single,10850,20500,2,Y,No,15,4,1,80,0,19,4,3,1,1,1,1
41,No,Travel_Rarely,936,Research & Development,10,2,Human Resources,1,225,4,Male,91,3,2,Research Scientist,2,Divorced,3961,4042,0,Y,Yes,18,3,4,80,1,1,3,3,1,1,0,0
35,No,Travel_Rarely,689,Research & Development,2,3,Life Sciences,1,226,4,Female,99,2,4,Laboratory Technician,3,Single,11539,25083,3,Y,Yes,14,3,3,80,1,4,2,3,4,4,3,4
46,No,Travel_Rarely,978,Human Resources,1,2,Medical,1,227,3,Male,86,4,1,Human Resources,4,Married,3766,11906,2,Y,No,18,3,3,80,0,7,2,3,3,3,0,3
42,No,Travel_Rarely,832,Research & Development,27,3,Medical,1,228,4,Male,39,3,3,Laboratory Technician,4,Single,7974,15057,3,Y,Yes,11,3,3,80,1,2,1,3,2,2,0,2
41,No,Travel_Rarely,1244,Sales,3,2,Life Sciences,1,229,4,Female,47,3,1,Manager,3,Divorced,1494,14099,0,Y,No,15,3,3,80,1,2,2,3,1,1,1,0
43,No,Travel_Rarely,1496,Research & Development,9,3,Other,1,230,2,Male,62,3,1,Healthcare Representative,3,Married,2273,8955,8,Y,No,15,4,1,80,0,6,1,3,6,0,1,6
56,No,Travel_Rarely,838,Sales,16,2,Life Sciences,1,231,3,Male,36,4,3,Manager,2,Married,4270,9365,0,Y,No,20,3,4,80,1,15,3,3,0,0,0,0
27,No,Travel_Rarely,1198,Research & Development,3,4,Life Sciences,1,232,2,Male,74,4,4,Research Scientist,1,Divorced,10337,12447,1,Y,Yes,16,3,3,80,1,20,3,3,1,1,1,1
42,No,Travel_Frequently,925,Research & Development,9,4,Life Sciences,1,233,1,Female,58,3,1,Research Scientist,3,Married,3024,9961,3,Y,No,22,3,1,80,3,40,3,3,9,0,1,2
29,No,Travel_Rarely,257,Research & Development,1,2,Medical,1,234,1,Male,67,3,1,Research Scientist,1,Divorced,2700,17724,0,Y,No,11,3,3,80,1,1,3,3,1,1,1,1
43,No,Travel_Rarely,872,Research & Development,29,3,Medical,1,235,1,Female,68,3,2,Research Scientist,2,Married,1009,6812,0,Y,No,16,3,1,80,0,3,4,3,3,3,0,3
29,No,Travel_Rarely,1035,Sales,1,1,Marketing,1,236,4,Male,54,3,1,Sales Executive,3,Divorced,1009,6244,0,Y,No,16,3,1,80,0,16,5,3,5,5,4,1
34,No,Travel_Rarely,677,Research & Development,5,3,Life Sciences,1,237,3,Female,46,3,4,Healthcare Representative,3,Married,8878,19001,2,Y,No,17,4,3,80,2,9,2,2,8,1,2,0
35,No,Travel_Rarely,1435,Research & Development,7,2,Life Sciences,1,238,2,Female,90,3,3,Laboratory Technician,1,Single,7937,4575,6,Y,No,12,3,3,80,2,4,3,3,4,4,0,4
46,No,Travel_Frequently,1161,Research & Development,14,3,Technical Degree,1,239,4,Male,80,2,1,Healthcare Representative,3,Married,2934,6578,2,Y,No,21,3,3,80,0,3,1,2,3,3,3,1
46,No,Travel_Rarely,349,Research & Development,1,3,Life Sciences,1,240,4,Male,66,3,2,Healthcare Representative,3,Single,4745,25288,2,Y,No,15,3,1,80,0,4,1,3,4,2,4,1
26,No,Travel_Frequently,1169,Sales,5,5,Technical Degree,1,241,4,Male,96,3,3,Sales Executive,1,Married,8453,25980,1,Y,No,11,3,3,80,1,6,3,3,6,1,0,6
38,No,Non-Travel,554,Sales,3,3,Life Sciences,1,242,3,Female,53,4,1,Sales Executive,4,Married,1009,10631,0,Y,Yes,15,3,1,80,1,2,3,2,2,2,2,2
31,No,Travel_Rarely,1244,Sales,3,3,Technical Degree,1,243,3,Male,78,4,3,Sales Representative,1,Married,8415,4406,0,Y,Yes,14,3,3,80,0,37,4,4,6,6,1,4
26,Yes,Non-Travel,1474,Research & Development,14,3,Life Sciences,1,244,2,Female,50,3,1,Research Scientist,4,Single,3212,25493,5,Y,Yes,25,3,3,80,1,1,2,3,1,1,1,1
36,Yes,Travel_Frequently,794,Research & Development,1,5,Medical,1,245,2,Male,86,3,2,Laboratory Technician,1,Single,5566,25749,0,Y,Yes,19,3,3,80,0,40,1,3,1,1,1,1
35,No,Travel_Rarely,1010,Sales,12,4,Life Sciences,1,246,2,Male,70,2,1,Manager,4,Married,2227,2234,9,Y,No,15,3,4,80,0,20,4,3,12,2,0,4
59,No,Travel_Rarely,1041,Research & Development,15,2,Life Sciences,1,247,3,Male,46,3,4,Laboratory Technician,1,Divorced,12746,8986,0,Y,No,15,3,4,80,0,6,1,3,6,2,0,6
41,No,Travel_Frequently,1195,Human Resources,21,4,Life Sciences,1,248,4,Male,50,2,2,Human Resources,4,Married,5740,9870,3,Y,No,19,3,4,80,1,15,2,3,7,1,1,1
25,No,Travel_Rarely,1048,Human Resources,9,3,Life Sciences,1,249,1,Male,97,3,1,Manager,2,Married,1047,11407,7,Y,No,19,4,4,80,2,12,2,3,4,4,4,1
33,No,Non-Travel,555,Sales,4,4,Life Sciences,1,250,2,Female,93,3,4,Sales Executive,4,Married,10372,21361,1,Y,No,11,3,4,80,1,3,6,4,0,0,0,0
47,No,Travel_Frequently,368,Research & Development,5,4,Medical,1,251,1,Female,73,3,1,Laboratory Technician,3,Married,3629,9722,3,Y,No,18,3,4,80,0,5,2,2,3,1,2,3
56,No,Travel_Rarely,832,Research & Development,29,2,Medical,1,252,4,Male,57,1,2,Laboratory Technician,1,Single,4118,15351,1,Y,No,15,3,4,80,2,8,3,4,4,2,0,3
23,No,Travel_Rarely,467,Sales,19,4,Technical Degree,1,253,2,Female,65,4,2,Sales Executive,4,Married,6634,16994,1,Y,No,11,3,4,80,0,11,4,3,5,5,3,0
21,No,Travel_Rarely,1312,Research & Development,6,3,Medical,1,254,3,Female,66,3,1,Laboratory Technician,1,Single,3073,9555,1,Y,No,18,3,1,80,2,9,3,3,9,6,2,2
54,No,Travel_Rarely,1352,Research & Development,26,3,Medical,1,255,1,Female,73,2,4,Manufacturing Director,4,Divorced,6486,11268,4,Y,No,24,3,1,80,1,7,4,2,1,1,1,1
41,No,Non-Travel,162,Research & Development,16,3,Medical,1,256,3,Male,79,2,3,Laboratory Technician,1,Single,7950,12730,1,Y,No,17,3,4,80,0,6,3,3,5,5,5,2
30,Yes,Travel_Rarely,269,Sales,21,4,Medical,1,257,1,Male,84,3,1,Sales Executive,3,Married,1891,5554,1,Y,No,19,3,3,80,0,8,6,3,3,0,0,3
42,No,Non-Travel,233,Sales,10,2,Medical,1,258,3,Male,39,2,3,Manager,4,Single,8306,21062,9,Y,No,22,3,4,80,2,6,4,4,6,0,1,5
18,No,Travel_Rarely,256,Research & Development,18,1,Technical Degree,1,259,1,Female,67,3,2,Manufacturing Director,3,Single,6416,23211,1,Y,No,12,3,2,80,1,9,2,4,9,1,9,0
38,No,Travel_Frequently,885,Research & Development,20,4,Life Sciences,1,260,4,Male,78,3,4,Healthcare Representative,2,Divorced,10293,11442,1,Y,No,11,3,3,80,0,24,2,4,4,1,0,1
41,No,Travel_Frequently,823,Research & Development,1,2,Life Sciences,1,261,3,Male,31,3,1,Research Scientist,4,Single,4998,17731,9,Y,Yes,18,3,4,80,2,11,5,3,11,0,3,0
46,No,Travel_Rarely,108,Human Resources,29,2,Medical,1,262,4,Male,73,2,2,Human Resources,4,Single,4732,13318,1,Y,Yes,14,3,4,80,0,14,3,4,5,5,3,5
28,No,Travel_Rarely,624,Research & Development,4,2,Life Sciences,1,263,3,Male,64,3,2,Healthcare Representative,4,Married,5937,15506,1,Y,Yes,11,4,1,80,0,10,3,3,1,1,1,1
38,Yes,Travel_Frequently,352,Research & Development,5,3,Human Resources,1,264,3,Female,50,3,2,Research Scientist,2,Single,6207,25025,4,Y,Yes,15,3,4,80,1,11,4,3,6,4,1,6
29,No,Travel_Rarely,793,Sales,14,3,Technical Degree,1,265,1,Male,86,3,2,Sales Executive,3,Single,4854,3401,1,Y,No,18,3,4,80,1,9,3,2,2,2,1,2
40,Yes,Travel_Rarely,1387,Sales,10,1,Life Sciences,1,266,3,Male,52,3,1,Manager,2,Divorced,3668,17730,1,Y,Yes,15,3,2,80,0,0,1,3,0,0,0,0
30,No,Travel_Frequently,221,Sales,20,5,Life Sciences,1,267,3,Female,61,4,3,Sales Executive,2,Married,6608,14520,1,Y,No,12,3,2,80,0,40,2,4,19,1,0,7
34,No,Travel_Rarely,149,Sales,5,4,Medical,1,268,3,Female,62,2,2,Sales Executive,4,Divorced,4366,17674,3,Y,Yes,14,3,1,80,1,0,3,4,0,0,0,0
29,No,Travel_Rarely,1194,Research & Development,4,3,Medical,1,269,4,Female,46,3,5,Research Scientist,2,Divorced,10531,14450,0,Y,No,15,3,1,80,1,6,0,3,2,2,1,1
43,No,Travel_Rarely,1387,Research & Development,1,3,Life Sciences,1,270,4,Female,71,4,1,Research Scientist,3,Married,2862,4946,1,Y,Yes,11,3,3,80,2,1,2,3,1,1,1,1
45,No,Travel_Rarely,843,Sales,6,3,Marketing,1,271,4,Female,46,2,3,Sales Representative,3,Single,7988,20702,1,Y,No,15,3,1,80,1,1,4,2,1,1,1,1
35,No,Travel_Rarely,1356,Sales,12,3,Medical,1,272,1,Male,77,1,5,Sales Representative,4,Divorced,14269,5538,1,Y,No,11,3,2,80,1,17,1,3,2,0,2,2
38,No,Travel_Rarely,325,Sales,3,2,Life Sciences,1,273,3,Male,77,2,3,Sales Representative,4,Divorced,8687,14926,3,Y,No,18,3,4,80,0,6,1,3,1,1,1,1
25,No,Travel_Rarely,558,Sales,6,2,Life Sciences,1,274,1,Female,86,3,4,Sales Executive,3,Divorced,9573,16730,1,Y,No,11,4,3,80,2,18,4,2,5,5,2,1
35,No,Travel_Rarely,820,Research & Development,2,4,Marketing,1,275,4,Female,90,3,4,Research Scientist,3,Married,8233,19729,2,Y,Yes,19,3,3,80,0,4,3,2,4,1,4,1
37,No,Travel_Rarely,954,Research & Development,13,2,Life Sciences,1,276,3,Female,73,2,2,Research Scientist,4,Single,5649,19873,2,Y,No,14,3,1,80,1,3,1,2,3,3,2,0
60,No,Travel_Rarely,1491,Sales,1,3,Technical Degree,1,277,1,Male,52,3,2,Sales Executive,3,Divorced,6666,6835,1,Y,No,13,3,4,80,2,3,4,3,0,0,0,0
28,No,Travel_Rarely,1050,Research & Development,11,4,Medical,1,278,4,Male,82,3,1,Laboratory Technician,1,Married,3633,16828,1,Y,No,16,3,4,80,2,11,3,2,3,3,0,3
51,No,Travel_Rarely,129,Sales,4,4,Medical,1,279,3,Male,62,2,2,Sales Representative,1,Divorced,6627,13500,0,Y,Yes,12,3,3,80,1,19,2,3,2,0,2,2
47,Yes,Travel_Frequently,978,Sales,1,3,Technical Degree,1,280,2,Male,85,3,1,Sales Executive,1,Single,2182,19234,0,Y,Yes,16,3,4,80,1,7,2,3,1,0,1,1
40,No,Travel_Rarely,1002,Sales,17,4,Technical Degree,1,281,1,Male,57,3,3,Sales Executive,3,Single,6800,25782,2,Y,No,12,3,4,80,3,5,1,3,3,0,3,3
53,No,Travel_Rarely,950,Research & Development,6,1,Life Sciences,1,282,3,Female,52,4,2,Laboratory Technician,4,Single,3895,21098,3,Y,No,13,3,4,80,2,40,4,3,2,2,2,2
41,No,Travel_Rarely,202,Research & Development,8,4,Life Sciences,1,283,4,Male,92,3,2,Laboratory Technician,2,Divorced,4916,16050,0,Y,Yes,17,3,4,80,1,1,3,3,1,0,1,1
41,No,Travel_Rarely,159,Research & Development,12,3,Marketing,1,284,3,Male,36,3,1,Laboratory Technician,2,Single,2382,20907,2,Y,No,11,3,1,80,1,7,3,3,7,6,1,5
37,No,Travel_Rarely,1149,Research & Development,10,4,Medical,1,285,4,Male,31,3,5,Manager,4,Single,12810,16327,9,Y,Yes,11,3,2,80,0,6,4,3,4,4,3,2
49,Yes,Travel_Rarely,516,Research & Development,12,5,Life Sciences,1,286,1,Female,94,3,1,Manufacturing Director,4,Divorced,2306,14852,0,Y,Yes,16,3,1,80,1,1,0,3,1,1,0,1
47,No,Travel_Rarely,1352,Research & Development,13,5,Human Resources,1,287,3,Male,33,3,1,Manager,3,Single,2300,11517,2,Y,No,15,3,1,80,0,3,1,3,1,1,1,1
32,No,Travel_Rarely,1294,Research & Development,8,4,Life Sciences,1,288,4,Male,37,3,1,Research Scientist,2,Divorced,1335,26283,3,Y,No,16,3,1,80,0,0,1,3,0,0,0,0
26,No,Travel_Frequently,1371,Research & Development,4,3,Life Sciences,1,289,3,Male,78,3,5,Laboratory Technician,1,Married,13912,6118,0,Y,No,16,3,4,80,1,23,0,2,1,1,1,0
36,No,Travel_Rarely,464,Research & Development,3,3,Life Sciences,1,290,1,Male,58,4,5,Healthcare Representative,1,Divorced,12615,17172,4,Y,No,15,3,2,80,0,10,3,3,1,1,1,1
30,Yes,Travel_Rarely,522,Research & Development,21,3,Medical,1,291,3,Female,84,4,3,Research Scientist,1,Married,7238,2128,9,Y,No,17,3,4,80,0,19,3,3,1,1,1,1
37,No,Travel_Rarely,122,Research & Development,29,4,Medical,1,292,3,Female,66,2,4,Research Director,2,Divorced,8879,9527,0,Y,No,16,3,3,80,0,8,2,3,3,3,0,2
49,No,Non-Travel,737,Sales,4,4,Life Sciences,1,293,4,Male,35,1,1,Sales Executive,3,Divorced,1009,15357,4,Y,Yes,11,4,2,80,0,10,1,3,6,1,1,3
33,No,Travel_Frequently,1494,Research & Development,1,2,Life Sciences,1,294,4,Male,53,2,5,Research Scientist,1,Single,14462,18498,1,Y,No,11,4,3,80,0,13,1,3,13,8,1,1
37,No,Travel_Rarely,565,Research & Development,2,4,Life Sciences,1,295,4,Female,69,3,1,Laboratory Technician,1,Single,3332,15545,0,Y,No,22,4,2,80,3,26,5,1,11,5,1,5
38,Yes,Travel_Rarely,198,Research & Development,10,4,Marketing,1,296,3,Male,41,2,1,Research Scientist,1,Single,1009,20790,2,Y,Yes,15,3,4,80,1,1,3,3,1,1,0,1
45,No,Travel_Rarely,1478,Sales,2,5,Life Sciences,1,297,2,Male,93,4,1,Sales Representative,3,Married,3645,13757,0,Y,No,19,3,4,80,0,4,3,3,4,4,4,4
18,No,Travel_Rarely,1220,Research & Development,14,4,Other,1,298,3,Male,75,1,2,Research Scientist,3,Divorced,6384,18934,2,Y,No,14,3,1,80,0,14,2,3,7,7,0,1
32,No,Travel_Rarely,125,Research & Development,23,2,Life Sciences,1,299,4,Female,43,3,3,Research Scientist,3,Married,7687,25765,0,Y,No,15,3,4,80,1,35,2,4,12,3,3,2
40,No,Non-Travel,481,Research & Development,29,2,Other,1,300,4,Male,56,2,2,Research Scientist,2,Married,7397,9994,3,Y,No,14,3,4,80,1,40,1,3,9,3,1,4
48,No,Travel_Frequently,497,Research & Development,1,2,Life Sciences,1,301,1,Male,66,4,5,Research Scientist,2,Single,12825,6572,2,Y,Yes,24,3,1,80,1,11,6,3,6,2,2,4
33,Yes,Travel_Rarely,1258,Research & Development,29,3,Marketing,1,302,3,Female,91,3,2,Manufacturing Director,1,Divorced,2875,12868,2,Y,Yes,16,3,3,80,0,2,4,3,2,2,1,0
21,No,Travel_Rarely,155,Research & Development,12,3,Life Sciences,1,303,2,Male,96,4,1,Research Director,2,Divorced,3048,3156,1,Y,No,13,3,3,80,0,1,3,4,1,1,1,1
43,Yes,Travel_Rarely,1417,Research & Development,1,4,Life Sciences,1,304,2,Male,43,4,2,Manager,4,Single,5367,26398,1,Y,Yes,11,3,2,80,0,32,3,3,1,1,1,1
32,Yes,Travel_Rarely,1115,Sales,5,4,Technical Degree,1,305,3,Female,68,3,3,Sales Representative,4,Married,6595,9221,1,Y,Yes,23,3,4,80,0,6,3,2,2,1,0,2
27,No,Travel_Rarely,1237,Human Resources,11,3,Technical Degree,1,306,3,Male,34,2,4,Human Resources,3,Single,10860,9283,3,Y,Yes,15,3,1,80,1,2,2,3,2,2,1,2
32,No,Travel_Rarely,523,Research & Development,28,1,Life Sciences,1,307,1,Female,55,2,2,Healthcare Representative,4,Married,2499,11876,1,Y,No,18,3,3,80,2,30,2,3,13,2,0,3
36,No,Travel_Rarely,232,Research & Development,2,2,Marketing,1,308,4,Male,82,2,2,Research Scientist,3,Married,6486,10188,2,Y,Yes,18,3,1,80,0,1,3,1,1,1,0,1
32,No,Travel_Rarely,521,Sales,1,1,Medical,1,309,4,Male,92,3,1,Sales Executive,1,Single,1183,10332,1,Y,No,13,3,4,80,2,14,1,2,14,0,0,8
18,No,Travel_Frequently,1403,Research & Development,6,3,Technical Degree,1,310,4,Male,40,1,3,Research Director,4,Married,6023,23319,3,Y,Yes,18,4,4,80,3,11,1,4,2,2,1,2
46,No,Travel_Rarely,877,Research & Development,29,3,Life Sciences,1,311,1,Male,62,1,5,Laboratory Technician,1,Married,12329,23112,2,Y,No,13,3,1,80,1,1,3,4,1,1,1,1
49,No,Travel_Frequently,876,Research & Development,29,1,Medical,1,312,3,Male,70,3,1,Research Director,3,Married,3149,9743,1,Y,No,12,3,2,80,1,5,5,3,3,0,1,3
43,No,Travel_Rarely,1193,Research & Development,2,3,Medical,1,313,3,Female,69,3,4,Research Scientist,2,Married,10246,23645,3,Y,Yes,20,3,1,80,2,2,5,4,2,2,1,2
27,No,Travel_Rarely,976,Human Resources,3,2,Life Sciences,1,314,2,Male,75,3,2,Human Resources,3,Single,3886,6868,1,Y,No,15,3,4,80,0,10,0,3,2,2,0,1
36,Yes,Travel_Rarely,276,Sales,21,3,Human Resources,1,315,3,Male,33,3,1,Sales Representative,3,Married,1741,7173,4,Y,No,17,4,1,80,0,7,1,1,4,0,2,4
38,No,Travel_Rarely,1405,Sales,12,3,Life Sciences,1,316,4,Male,40,3,5,Manager,3,Married,10800,14274,3,Y,No,17,3,4,80,3,0,3,3,0,0,0,0
43,Yes,Travel_Frequently,565,Research & Development,29,3,Life Sciences,1,317,1,Female,56,3,2,Healthcare Representative,2,Married,4663,25726,2,Y,Yes,18,3,4,80,1,40,4,1,5,5,2,1
44,No,Travel_Rarely,491,Research & Development,20,3,Medical,1,318,4,Male,37,2,1,Healthcare Representative,2,Single,4113,3747,5,Y,No,11,4,3,80,1,5,5,2,5,5,3,2
31,No,Travel_Rarely,849,Research & Development,2,5,Medical,1,319,4,Male,50,3,1,Laboratory Technician,2,Married,2494,18522,4,Y,No,13,3,2,80,2,3,4,2,3,3,2,3
38,No,Travel_Rarely,237,Research & Development,13,2,Life Sciences,1,320,4,Male,34,4,1,Research Scientist,4,Divorced,3789,6464,2,Y,Yes,14,4,2,80,0,3,3,3,3,3,1,3
42,No,Travel_Rarely,510,Research & Development,1,3,Life Sciences,1,321,4,Male,91,2,4,Laboratory Technician,4,Single,12183,22242,0,Y,Yes,12,3,3,80,1,2,2,3,2,1,2,0
51,No,Travel_Rarely,325,Sales,15,4,Other,1,322,3,Male,61,3,2,Sales Representative,3,Married,4118,21510,2,Y,No,17,3,3,80,1,40,1,3,1,1,1,1
44,No,Travel_Rarely,702,Sales,8,3,Life Sciences,1,323,4,Female,87,3,4,Sales Executive,2,Single,9720,13668,1,Y,No,20,3,3,80,0,4,0,3,4,1,4,4
45,No,Travel_Rarely,1071,Research & Development,28,5,Medical,1,324,3,Male,56,2,1,Healthcare Representative,4,Married,5757,22805,2,Y,No,20,4,3,80,0,6,3,4,2,2,2,2
38,Yes,Travel_Rarely,720,Sales,29,3,Marketing,1,325,4,Male,55,4,1,Sales Executive,1,Single,4667,2179,3,Y,Yes,14,4,2,80,1,23,0,3,1,0,1,1
50,Yes,Non-Travel,1313,Sales,1,3,Medical,1,326,1,Male,69,3,1,Sales Executive,2,Married,1009,13462,3,Y,Yes,16,3,4,80,0,11,3,4,6,2,6,6
41,No,Travel_Rarely,979,Research & Development,2,1,Other,1,327,2,Female,58,3,2,Manufacturing Director,2,Married,5581,16160,3,Y,No,17,3,1,80,0,5,3,3,5,0,2,5
30,No,Travel_Frequently,110,Research & Development,6,3,Marketing,1,328,3,Male,36,3,5,Laboratory Technician,4,Married,12501,14558,3,Y,No,17,3,3,80,0,25,1,3,4,4,1,1
50,No,Travel_Rarely,1305,Research & Development,19,2,Medical,1,329,2,Male,50,3,3,Laboratory Technician,1,Married,8740,20091,0,Y,No,12,4,4,80,1,15,5,4,0,0,0,0
44,No,Travel_Frequently,695,Research & Development,15,2,Medical,1,330,3,Male,96,2,1,Laboratory Technician,1,Married,1383,25259,1,Y,No,22,3,1,80,2,3,3,3,3,3,2,3
34,No,Travel_Frequently,707,Research & Development,29,3,Marketing,1,331,3,Male,39,2,4,Manager,3,Married,8741,17642,2,Y,No,19,3,4,80,1,11,5,3,9,1,4,6
33,Yes,Travel_Rarely,217,Sales,9,3,Medical,1,332,4,Male,91,1,3,Sales Representative,2,Single,6486,9321,1,Y,Yes,19,3,4,80,0,28,5,3,2,2,2,1
40,No,Non-Travel,346,Research & Development,3,1,Technical Degree,1,333,3,Male,37,2,1,Research Scientist,3,Single,1642,5385,4,Y,No,20,3,3,80,3,8,2,3,5,0,2,2
42,No,Travel_Rarely,1408,Research & Development,1,4,Life Sciences,1,334,2,Male,33,3,4,Research Scientist,3,Divorced,11223,10873,0,Y,No,17,3,1,80,0,15,2,4,0,0,0,0
39,No,Travel_Rarely,1338,Research & Development,2,3,Life Sciences,1,335,2,Male,58,4,1,Research Scientist,3,Single,1009,10888,1,Y,No,11,3,1,80,0,39,1,1,3,3,2,3
40,No,Travel_Rarely,552,Research & Development,10,2,Life Sciences,1,336,3,Male,41,3,1,Manufacturing Director,1,Married,1566,18245,2,Y,No,15,4,2,80,0,13,4,4,5,5,3,2
53,Yes,Travel_Rarely,1150,Sales,23,3,Life Sciences,1,337,3,Male,80,3,1,Sales Representative,1,Divorced,1009,17620,2,Y,No,11,3,2,80,0,1,3,1,1,1,1,0
47,No,Non-Travel,334,Sales,3,4,Life Sciences,1,338,4,Male,48,3,2,Sales Executive,4,Single,6511,25259,1,Y,Yes,17,3,4,80,0,3,5,3,2,2,1,1
39,Yes,Travel_Frequently,1413,Research & Development,19,3,Technical Degree,1,339,1,Female,60,3,2,Laboratory Technician,4,Married,6907,21994,1,Y,Yes,15,3,3,80,0,10,2,2,10,3,3,1
46,No,Travel_Rarely,786,Research & Development,5,3,Medical,1,340,2,Female,55,4,1,Laboratory Technician,2,Married,2009,19734,0,Y,No,15,3,2,80,0,4,3,3,2,2,2,1
28,No,Travel_Rarely,285,Research & Development,3,3,Medical,1,341,2,Female,35,2,1,Healthcare Representative,1,Divorced,2053,12447,0,Y,No,20,4,4,80,1,35,6,2,6,0,3,3
41,No,Travel_Rarely,352,Research & Development,6,3,Medical,1,342,2,Female,58,4,3,Manufacturing Director,1,Divorced,8180,15913,0,Y,No,14,3,4,80,0,6,3,3,2,2,0,2
54,No,Travel_Frequently,392,Research & Development,5,5,Technical Degree,1,343,3,Female,46,3,5,Laboratory Technician,3,Married,14712,17041,2,Y,No,14,3,2,80,1,7,1,3,4,1,0,1
36,No,Travel_Rarely,1050,Research & Development,22,4,Medical,1,344,4,Female,49,3,3,Laboratory Technician,4,Single,8113,14965,5,Y,Yes,15,3,2,80,1,13,3,2,2,0,2,2
30,No,Travel_Rarely,899,Research & Development,6,1,Technical Degree,1,345,2,Male,71,3,1,Laboratory Technician,2,Married,1454,21513,1,Y,No,11,3,2,80,0,8,1,3,7,1,4,4
32,No,Travel_Rarely,1484,Research & Development,3,3,Life Sciences,1,346,3,Female,76,3,1,Manager,3,Married,1009,12703,0,Y,No,14,4,4,80,2,5,0,2,4,4,1,4
28,No,Travel_Rarely,725,Research & Development,17,4,Other,1,347,3,Male,99,2,1,Research Scientist,4,Married,1009,9610,3,Y,No,11,3,3,80,1,1,2,2,0,0,0,0
31,Yes,Travel_Rarely,406,Research & Development,29,1,Marketing,1,348,2,Male,31,2,1,Manufacturing Director,4,Single,2610,23764,5,Y,No,13,4,4,80,0,10,2,3,0,0,0,0
34,Yes,Travel_Rarely,451,Research & Development,9,5,Life Sciences,1,349,4,Female,66,3,2,Healthcare Representative,1,Single,4017,12405,0,Y,Yes,18,3,2,80,0,22,4,3,4,1,4,4
25,No,Travel_Rarely,1464,Research & Development,3,5,Medical,1,350,3,Male,48,4,2,Research Scientist,2,Divorced,5292,7049,1,Y,Yes,17,3,4,80,2,13,2,3,1,1,1,1
38,No,Travel_Rarely,580,Research & Development,2,1,Medical,1,351,3,Male,70,3,3,Laboratory Technician,1,Married,6671,12686,0,Y,No,13,3,1,80,1,5,3,1,5,4,1,1
46,No,Travel_Rarely,1117,Sales,1,5,Life Sciences,1,352,4,Female,45,3,3,Sales Executive,4,Single,5913,15416,0,Y,No,15,3,4,80,1,2,0,2,2,1,2,2
29,No,Travel_Frequently,231,Sales,1,3,Medical,1,353,2,Male,89,3,1,Sales Executive,4,Married,1009,13074,3,Y,No,11,3,4,80,0,19,0,3,7,4,0,3
51,No,Travel_Rarely,288,Research & Development,22,4,Life Sciences,1,354,4,Male,86,3,1,Manufacturing Director,3,Divorced,4844,2731,9,Y,No,15,3,2,80,0,31,0,3,21,2,5,1
42,No,Travel_Frequently,771,Research & Development,1,3,Life Sciences,1,355,3,Female,93,3,3,Healthcare Representative,1,Married,8833,2246,3,Y,No,25,3,4,80,1,5,2,4,5,2,0,5
47,No,Non-Travel,336,Research & Development,6,3,Other,1,356,3,Female,34,1,1,Healthcare Representative,2,Single,5096,15567,9,Y,No,22,3,4,80,2,14,2,3,11,2,2,0
32,No,Travel_Rarely,379,Research & Development,11,3,Medical,1,357,4,Male,47,2,1,Laboratory Technician,2,Single,3310,8003,1,Y,No,15,3,4,80,1,6,3,3,6,2,2,5
45,Yes,Travel_Rarely,1227,Research & Development,17,4,Technical Degree,1,358,4,Male,42,4,2,Manager,3,Single,4355,21216,6,Y,Yes,16,3,2,80,0,8,6,3,8,5,3,3
28,No,Travel_Rarely,888,Sales,2,1,Medical,1,359,3,Male,65,4,1,Sales Representative,2,Divorced,4485,17597,1,Y,No,12,3,3,80,0,20,2,3,2,2,2,2
46,No,Travel_Rarely,936,Research & Development,5,3,Life Sciences,1,360,4,Female,48,3,1,Research Scientist,1,Married,2450,2232,0,Y,No,12,3,4,80,0,1,0,3,1,1,0,1
39,No,Travel_Rarely,1357,Research & Development,3,2,Medical,1,361,3,Male,60,3,4,Manager,4,Married,10331,16635,3,Y,No,17,3,4,80,1,8,2,3,8,8,3,8
43,No,Travel_Rarely,375,Research & Development,3,3,Medical,1,362,3,Male,52,3,4,Healthcare Representative,2,Married,9936,8333,1,Y,No,13,3,3,80,0,3,4,3,3,3,1,2
27,No,Travel_Rarely,466,Research & Development,3,3,Other,1,363,1,Male,61,4,1,Healthcare Representative,3,Married,1009,19203,1,Y,Yes,19,3,4,80,1,5,3,3,3,0,1,3
30,No,Travel_Rarely,569,Research & Development,8,3,Life Sciences,1,364,1,Male,40,3,1,Manufacturing Director,1,Divorced,4907,24178,3,Y,Yes,21,3,1,80,1,11,4,3,11,0,11,0
43,No,Travel_Frequently,752,Sales,1,3,Technical Degree,1,365,4,Female,95,3,3,Sales Representative,4,Married,8237,15761,1,Y,No,16,3,4,80,0,0,1,3,0,0,0,0
29,Yes,Travel_Rarely,927,Research & Development,5,2,Other,1,366,1,Male,34,2,1,Healthcare Representative,3,Single,2995,13828,2,Y,Yes,16,3,2,80,1,10,1,3,3,3,3,2
42,No,Travel_Rarely,1399,Sales,2,2,Medical,1,367,1,Female,42,3,2,Sales Executive,4,Single,4907,20843,1,Y,No,11,4,2,80,1,4,1,2,4,1,2,4
25,No,Travel_Rarely,1453,Sales,29,1,Other,1,368,4,Male,93,2,1,Sales Executive,3,Married,2745,16941,4,Y,No,18,3,3,80,0,12,4,3,3,1,3,3
45,No,Travel_Rarely,962,Research & Development,8,3,Life Sciences,1,369,1,Female,64,3,1,Research Director,4,Divorced,1604,2112,1,Y,No,11,3,3,80,2,2,2,3,1,1,1,1
27,No,Travel_Rarely,285,Research & Development,18,5,Other,1,370,2,Female,58,3,3,Laboratory Technician,4,Single,8425,11722,2,Y,Yes,14,3,3,80,1,15,3,3,5,4,2,0
43,No,Travel_Rarely,1019,Research & Development,2,2,Marketing,1,371,3,Male,52,4,3,Research Scientist,3,Divorced,5539,20439,0,Y,No,19,3,3,80,0,11,3,3,6,1,6,6
43,No,Travel_Rarely,1319,Research & Development,15,5,Life Sciences,1,372,3,Male,45,3,1,Research Scientist,4,Married,2779,12740,4,Y,No,19,3,2,80,2,39,3,2,12,9,1,1
31,No,Travel_Rarely,373,Research & Development,5,4,Human Resources,1,373,4,Male,55,3,1,Research Scientist,2,Single,3342,20329,2,Y,No,13,3,1,80,1,27,2,2,4,4,3,0
43,No,Travel_Rarely,1425,Sales,2,3,Medical,1,374,3,Female,32,3,1,Sales Executive,2,Single,2202,9206,1,Y,Yes,14,3,4,80,2,4,3,3,4,2,4,1
40,No,Travel_Rarely,297,Research & Development,13,3,Medical,1,375,3,Male,52,3,1,Manager,1,Single,3056,23999,1,Y,No,13,3,3,80,1,0,0,4,0,0,0,0
33,No,Travel_Rarely,883,Research & Development,13,4,Medical,1,376,4,Female,86,3,5,Laboratory Technician,3,Married,11013,18578,1,Y,Yes,11,3,3,80,0,12,6,3,6,1,1,6
29,Yes,Travel_Frequently,1006,Sales,29,2,Life Sciences,1,377,3,Female,38,2,3,Sales Executive,4,Single,6051,8932,2,Y,No,13,3,3,80,0,10,0,2,2,2,2,1
20,No,Travel_Rarely,432,Research & Development,14,3,Medical,1,378,3,Female,80,4,2,Laboratory Technician,4,Married,5355,16447,2,Y,No,11,3,4,80,1,0,0,4,0,0,0,0
41,No,Non-Travel,721,Sales,1,4,Technical Degree,1,379,4,Female,62,3,3,Manager,1,Married,8518,16558,1,Y,No,18,3,4,80,0,1,2,4,1,0,1,1
24,No,Travel_Frequently,600,Research & Development,4,3,Life Sciences,1,380,3,Male,53,3,4,Healthcare Representative,3,Married,7188,9229,3,Y,No,17,3,1,80,2,10,4,3,2,2,1,2
38,Yes,Travel_Frequently,1225,Research & Development,5,4,Life Sciences,1,381,3,Male,79,4,3,Research Scientist,1,Single,8283,8123,5,Y,Yes,17,3,4,80,0,27,2,3,12,1,0,4
35,No,Travel_Rarely,182,Sales,1,1,Life Sciences,1,382,1,Male,81,4,1,Sales Representative,3,Married,1685,14747,0,Y,No,12,3,4,80,1,26,3,3,2,2,2,2
44,No,Travel_Rarely,962,Research & Development,14,4,Medical,1,383,3,Female,67,3,1,Research Director,1,Married,2211,4603,1,Y,No,11,4,3,80,1,2,0,3,0,0,0,0
35,Yes,Travel_Frequently,1119,Sales,7,3,Marketing,1,384,1,Female,73,4,3,Sales Representative,4,Married,5491,15566,2,Y,Yes,15,3,4,80,1,5,1,4,1,1,1,1
35,No,Travel_Rarely,1142,Sales,26,3,Technical Degree,1,385,3,Female,85,2,2,Manager,2,Divorced,3723,4049,2,Y,No,15,3,3,80,1,0,3,2,0,0,0,0
44,No,Travel_Frequently,1337,Sales,8,3,Other,1,386,4,Male,95,2,5,Sales Executive,2,Single,13949,11940,0,Y,Yes,15,3,3,80,1,7,2,3,2,2,1,2
41,No,Non-Travel,227,Research & Development,7,3,Medical,1,387,3,Male,74,3,3,Manufacturing Director,4,Divorced,7549,9172,1,Y,No,14,3,2,80,0,15,3,3,7,0,2,2
40,No,Travel_Rarely,231,Research & Development,1,4,Life Sciences,1,388,2,Female,81,3,5,Research Scientist,3,Married,11926,9637,0,Y,No,22,4,3,80,0,17,4,4,8,2,4,8
42,No,Travel_Rarely,315,Sales,1,3,Other,1,389,4,Male,30,3,1,Sales Representative,1,Married,2325,23258,2,Y,Yes,17,3,2,80,2,8,4,4,3,3,3,3
24,No,Travel_Rarely,1254,Sales,17,4,Marketing,1,390,2,Male,93,3,4,Sales Representative,3,Married,10734,19388,3,Y,No,22,3,1,80,2,1,1,4,1,1,1,1
44,No,Travel_Frequently,1071,Human Resources,29,3,Medical,1,391,4,Female,37,3,1,Human Resources,1,Married,3161,8257,0,Y,No,20,3,1,80,0,5,3,3,4,4,0,4
43,No,Travel_Frequently,1182,Research & Development,5,2,Marketing,1,392,3,Male,72,3,5,Healthcare Representative,4,Single,12387,14927,1,Y,No,22,3,2,80,0,30,5,3,21,5,0,6
28,No,Travel_Rarely,699,Research & Development,15,1,Other,1,393,1,Male,37,3,1,Laboratory Technician,3,Married,4139,26471,1,Y,No,11,3,3,80,0,3,4,3,3,1,1,3
35,No,Non-Travel,1399,Sales,9,1,Marketing,1,394,4,Male,58,4,2,Sales Executive,2,Married,6456,8809,4,Y,Yes,17,3,3,80,3,4,1,3,1,1,0,1
37,No,Travel_Rarely,716,Research & Development,29,3,Life Sciences,1,395,2,Male,42,3,3,Manager,3,Married,8120,24620,1,Y,No,14,3,2,80,0,15,3,2,3,1,2,3
36,No,Travel_Rarely,1464,Sales,2,3,Marketing,1,396,4,Female,30,3,2,Manager,1,Married,5082,8699,2,Y,No,11,3,4,80,0,15,5,3,8,1,1,1
41,No,Travel_Rarely,1268,Sales,7,4,Life Sciences,1,397,1,Male,58,3,2,Sales Executive,4,Divorced,5986,19659,4,Y,No,21,3,2,80,0,27,2,4,8,3,2,2
50,No,Travel_Rarely,524,Research & Development,5,4,Life Sciences,1,398,2,Male,79,3,5,Laboratory Technician,4,Married,12971,26009,4,Y,No,14,3,3,80,1,5,4,2,5,5,1,5
47,No,Travel_Rarely,435,Sales,7,1,Life Sciences,1,399,2,Male,66,4,2,Sales Executive,4,Single,6591,19082,3,Y,No,11,3,1,80,2,8,3,2,8,0,1,4
26,Yes,Travel_Rarely,789,Sales,3,2,Life Sciences,1,400,1,Female,30,1,2,Sales Representative,2,Married,6349,24327,1,Y,No,14,3,2,80,0,7,1,3,2,0,1,2
43,No,Travel_Rarely,1258,Research & Development,6,2,Life Sciences,1,401,4,Male,98,2,1,Manufacturing Director,2,Married,1009,20848,4,Y,No,12,3,1,80,0,29,1,3,4,4,0,4
50,No,Travel_Rarely,365,Sales,9,3,Life Sciences,1,402,4,Male,77,4,4,Sales Executive,1,Divorced,8371,12296,3,Y,No,13,3,3,80,1,16,0,4,10,8,2,4
41,No,Travel_Frequently,248,Research & Development,1,2,Medical,1,403,4,Male,84,3,3,Research Scientist,3,Married,6448,14421,3,Y,No,14,3,4,80,0,20,2,2,17,4,2,8
47,No,Travel_Rarely,113,Sales,12,2,Technical Degree,1,404,2,Male,95,2,2,Sales Representative,3,Divorced,6464,16381,0,Y,No,22,3,2,80,0,2,4,2,2,2,2,1
56,No,Travel_Rarely,156,Research & Development,11,5,Other,1,405,3,Male,92,2,1,Manufacturing Director,3,Single,1009,15315,0,Y,Yes,13,3,2,80,2,17,3,3,4,4,4,4
47,No,Travel_Rarely,331,Sales,19,4,Life Sciences,1,406,3,Female,51,4,2,Sales Executive,4,Married,5592,18680,3,Y,Yes,21,4,1,80,2,6,3,2,6,5,3,4
40,No,Travel_Rarely,1247,Research & Development,5,2,Medical,1,407,3,Female,40,4,1,Healthcare Representative,1,Divorced,3044,18186,7,Y,No,18,3,4,80,3,0,3,2,0,0,0,0
47,No,Travel_Rarely,962,Research & Development,1,3,Other,1,408,4,Male,58,3,1,Research Scientist,1,Divorced,4244,15964,4,Y,No,17,3,4,80,1,1,2,2,1,1,0,1
39,No,Travel_Rarely,1358,Sales,6,3,Life Sciences,1,409,3,Male,32,3,2,Sales Executive,1,Married,5271,2336,4,Y,No,18,3,1,80,0,12,2,2,12,1,0,1
38,No,Travel_Rarely,263,Research & Development,1,4,Marketing,1,410,1,Female,74,4,1,Healthcare Representative,2,Divorced,1009,24709,2,Y,No,15,3,2,80,1,5,5,2,5,2,4,1
34,Yes,Travel_Rarely,904,Research & Development,9,3,Marketing,1,411,4,Male,32,3,1,Healthcare Representative,1,Single,1061,5834,1,Y,Yes,20,3,4,80,0,22,3,4,2,1,1,2
52,No,Travel_Rarely,280,Sales,1,2,Life Sciences,1,412,4,Female,97,3,3,Manager,3,Divorced,5727,21199,3,Y,No,17,3,3,80,0,15,3,3,3,2,1,3
30,No,Travel_Rarely,1487,Sales,4,4,Technical Degree,1,413,3,Male,43,3,1,Sales Executive,2,Married,1693,24504,3,Y,No,11,3,3,80,0,0,6,3,0,0,0,0
51,No,Travel_Rarely,1333,Research & Development,1,3,Technical Degree,1,414,1,Female,94,4,1,Manufacturing Director,1,Single,2226,10945,3,Y,No,16,3,2,80,3,13,2,4,13,1,0,1
42,No,Travel_Rarely,1006,Research & Development,1,2,Life Sciences,1,415,2,Female,86,3,1,Laboratory Technician,4,Single,1009,10998,7,Y,No,18,3,3,80,1,2,4,3,2,2,2,1
25,No,Non-Travel,653,Research & Development,29,3,Life Sciences,1,416,3,Female,44,2,2,Research Scientist,2,Married,7206,14181,1,Y,No,14,3,4,80,0,6,4,3,6,1,1,0
41,No,Travel_Rarely,827,Research & Development,29,3,Life Sciences,1,417,2,Female,89,3,3,Laboratory Technician,3,Single,5512,11460,0,Y,No,16,3,4,80,0,11,2,3,5,3,1,2
19,Yes,Travel_Frequently,1279,Research & Development,7,3,Life Sciences,1,418,2,Male,83,3,3,Laboratory Technician,2,Married,9519,7313,6,Y,Yes,13,3,4,80,2,23,1,3,0,0,0,0
43,No,Travel_Frequently,1463,Sales,2,2,Medical,1,419,4,Female,31,4,1,Sales Representative,3,Single,4278,26916,0,Y,No,11,3,3,80,2,7,6,4,7,3,2,7
46,Yes,Travel_Rarely,394,Sales,22,3,Medical,1,420,3,Male,93,2,1,Manager,4,Single,3847,19208,3,Y,Yes,11,3,3,80,1,18,2,3,3,2,3,1
32,No,Travel_Rarely,537,Sales,23,1,Life Sciences,1,421,3,Male,57,4,1,Sales Executive,1,Married,1459,20038,5,Y,No,11,3,2,80,0,17,0,4,7,3,1,1
39,No,Travel_Rarely,497,Sales,17,4,Human Resources,1,422,2,Female,96,3,2,Sales Executive,3,Married,5514,10781,1,Y,No,18,3,4,80,1,6,3,3,6,6,3,1
55,No,Travel_Frequently,267,Research & Development,7,2,Life Sciences,1,423,4,Female,32,3,5,Manufacturing Director,4,Married,10584,23886,4,Y,Yes,11,3,4,80,1,8,3,3,5,5,1,2
33,No,Travel_Rarely,1095,Research & Development,1,1,Life Sciences,1,424,2,Female,82,1,1,Laboratory Technician,3,Married,3866,25036,1,Y,No,13,4,3,80,3,13,4,4,13,4,3,7
28,No,Travel_Rarely,885,Research & Development,1,4,Life Sciences,1,425,4,Male,55,3,1,Healthcare Representative,2,Divorced,2389,12948,4,Y,No,12,3,1,80,0,0,5,3,0,0,0,0
51,No,Non-Travel,1058,Research & Development,20,4,Medical,1,426,4,Female,33,3,1,Manufacturing Director,3,Married,1886,4669,0,Y,No,14,4,3,80,1,24,5,4,9,0,8,6
55,Yes,Travel_Rarely,502,Research & Development,19,4,Life Sciences,1,427,4,Female,45,3,2,Healthcare Representative,3,Married,3164,25986,3,Y,Yes,11,3,4,80,0,16,5,1,4,4,1,4
38,Yes,Travel_Frequently,216,Sales,5,3,Life Sciences,1,428,4,Male,83,2,3,Sales Executive,4,Married,3784,3176,3,Y,Yes,17,3,3,80,0,3,0,3,3,3,0,1
47,No,Travel_Rarely,452,Research & Development,4,2,Life Sciences,1,429,3,Male,45,3,3,Research Scientist,1,Single,5942,21231,2,Y,No,11,4,1,80,0,40,3,4,8,4,1,1
50,No,Travel_Rarely,1385,Research & Development,9,4,Technical Degree,1,430,2,Male,60,4,4,Manufacturing Director,1,Single,11669,21436,3,Y,No,19,3,1,80,2,2,2,2,0,0,0,0
31,No,Travel_Rarely,919,Research & Development,15,4,Other,1,431,2,Male,31,3,2,Healthcare Representative,2,Married,4396,10829,6,Y,No,13,4,2,80,0,27,2,4,2,2,0,2
33,No,Travel_Rarely,977,Sales,12,2,Life Sciences,1,432,2,Female,74,3,1,Sales Executive,2,Divorced,2246,13349,3,Y,No,15,3,4,80,0,4,4,4,1,1,1,1
49,Yes,Travel_Rarely,1351,Research & Development,9,4,Life Sciences,1,433,1,Female,83,3,1,Manufacturing Director,2,Single,3483,8927,8,Y,Yes,15,4,4,80,0,16,2,4,1,1,1,1
53,No,Travel_Rarely,715,Research & Development,2,2,Medical,1,434,3,Female,88,4,3,Laboratory Technician,2,Single,10209,12188,1,Y,Yes,16,3,4,80,2,7,5,3,7,4,5,0
43,No,Travel_Frequently,232,Research & Development,3,5,Marketing,1,435,2,Female,88,3,2,Manufacturing Director,2,Single,6988,22792,2,Y,No,15,3,4,80,1,15,0,3,2,2,0,2
30,Yes,Non-Travel,365,Sales,12,4,Life Sciences,1,436,4,Male,51,1,2,Sales Executive,1,Divorced,3541,23568,1,Y,Yes,14,4,3,80,0,2,4,3,2,2,2,0
55,No,Travel_Rarely,935,Research & Development,15,4,Human Resources,1,437,2,Female,63,3,3,Manager,4,Married,4586,4244,9,Y,No,16,3,3,80,0,3,1,3,2,2,2,0
33,No,Travel_Frequently,282,Sales,1,5,Medical,1,438,3,Male,85,3,3,Sales Executive,1,Single,11039,8197,0,Y,No,17,3,3,80,1,1,1,3,1,1,1,1
35,No,Travel_Rarely,450,Sales,2,4,Medical,1,439,4,Female,63,2,4,Sales Executive,2,Married,13403,19361,1,Y,No,12,3,4,80,0,22,3,4,9,1,6,3
41,No,Travel_Rarely,572,Research & Development,10,2,Medical,1,440,2,Male,55,4,2,Laboratory Technician,2,Married,5283,21155,1,Y,No,17,3,3,80,0,4,2,3,3,3,3,3
52,No,Travel_Rarely,262,Research & Development,4,3,Other,1,441,4,Female,74,3,3,Research Scientist,4,Married,5594,23716,1,Y,No,20,4,3,80,2,13,3,4,6,6,3,5
45,No,Travel_Frequently,215,Human Resources,7,1,Technical Degree,1,442,4,Male,50,3,1,Manager,4,Single,3945,6069,6,Y,No,18,3,1,80,0,19,5,2,12,3,1,1
41,No,Travel_Rarely,119,Research & Development,9,3,Life Sciences,1,443,2,Male,72,3,3,Manager,4,Divorced,7338,18484,1,Y,No,19,3,2,80,3,25,3,2,1,1,1,1
42,Yes,Travel_Frequently,1229,Research & Development,13,4,Life Sciences,1,444,3,Female,68,4,4,Research Scientist,1,Single,9831,26123,6,Y,No,16,3,4,80,0,1,2,3,1,1,1,1
38,No,Travel_Rarely,1311,Sales,15,3,Medical,1,445,2,Male,42,2,2,Sales Executive,4,Married,6342,7494,1,Y,Yes,12,3,4,80,0,25,1,3,3,3,1,1
43,No,Travel_Rarely,1467,Sales,3,3,Life Sciences,1,446,4,Female,71,3,3,Sales Representative,3,Single,8002,20567,5,Y,No,12,3,3,80,0,2,2,3,1,1,0,1
18,No,Travel_Rarely,244,Human Resources,7,3,Marketing,1,447,3,Male,74,2,3,Manager,2,Married,5721,6285,2,Y,Yes,16,3,1,80,1,15,3,2,6,2,3,5
35,No,Travel_Rarely,756,Sales,1,4,Technical Degree,1,448,3,Female,80,3,1,Sales Executive,3,Married,2013,7717,1,Y,No,19,3,4,80,0,14,3,4,2,2,2,1
40,No,Travel_Rarely,1065,Research & Development,17,1,Marketing,1,449,4,Male,46,3,2,Research Scientist,4,Married,5992,4387,1,Y,Yes,25,3,4,80,1,0,2,3,0,0,0,0
27,No,Travel_Rarely,554,Research & Development,17,3,Other,1,450,2,Male,92,3,1,Research Scientist,4,Single,3265,9485,1,Y,No,19,4,3,80,0,3,4,3,0,0,0,0
41,No,Travel_Frequently,552,Sales,3,2,Life Sciences,1,451,4,Male,36,2,5,Sales Representative,4,Divorced,12893,22687,1,Y,No,11,3,3,80,0,7,1,3,1,1,1,1
36,No,Travel_Rarely,163,Research & Development,2,4,Technical Degree,1,452,4,Male,84,3,4,Laboratory Technician,4,Single,11400,6519,1,Y,No,12,3,3,80,2,6,3,3,5,2,1,2
53,No,Travel_Rarely,697,Research & Development,1,2,Marketing,1,453,4,Male,33,3,1,Healthcare Representative,2,Married,1957,13860,1,Y,No,24,3,3,80,3,28,3,2,6,5,5,5
52,No,Travel_Rarely,1041,Sales,8,4,Life Sciences,1,454,4,Male,60,3,1,Sales Executive,3,Divorced,2768,5318,1,Y,No,14,3,4,80,1,5,2,2,5,3,0,3
33,No,Travel_Rarely,1401,Research & Development,1,2,Marketing,1,455,3,Male,85,3,2,Manufacturing Director,1,Married,1009,19718,2,Y,Yes,15,3,1,80,2,30,4,3,2,2,2,0
36,No,Travel_Rarely,1420,Research & Development,10,2,Life Sciences,1,456,4,Male,33,3,1,Laboratory Technician,4,Married,1826,17942,1,Y,No,12,3,1,80,0,7,3,2,7,2,0,7
37,No,Non-Travel,1254,Research & Development,10,5,Technical Degree,1,457,2,Male,69,3,1,Healthcare Representative,1,Married,3646,16701,3,Y,No,21,3,1,80,0,37,3,2,21,9,0,0
34,No,Travel_Rarely,465,Research & Development,9,1,Medical,1,458,3,Female,76,1,2,Research Scientist,4,Married,4414,17853,9,Y,No,17,3,2,80,0,15,3,3,5,2,1,5
39,No,Travel_Rarely,1192,Research & Development,19,3,Life Sciences,1,459,1,Male,79,3,2,Healthcare Representative,2,Divorced,4301,9611,1,Y,Yes,12,3,1,80,3,19,5,2,10,1,1,0
31,Yes,Travel_Rarely,148,Research & Development,4,1,Medical,1,460,4,Male,52,4,1,Laboratory Technician,2,Single,1009,5587,2,Y,Yes,12,3,2,80,1,1,3,3,1,1,1,1
27,No,Travel_Frequently,1070,Research & Development,21,3,Medical,1,461,4,Female,80,4,3,Healthcare Representative,1,Married,9005,5684,0,Y,No,16,3,1,80,0,10,2,1,1,1,0,1
43,No,Travel_Rarely,1499,Research & Development,1,3,Life Sciences,1,462,4,Male,67,3,4,Healthcare Representative,2,Married,10823,10549,1,Y,No,15,3,2,80,0,2,2,3,2,2,1,2
43,No,Travel_Rarely,923,Sales,1,3,Life Sciences,1,463,1,Female,38,3,3,Sales Executive,4,Married,8738,9038,3,Y,No,18,4,2,80,0,4,1,3,1,1,1,0
30,No,Travel_Rarely,761,Research & Development,5,2,Medical,1,464,4,Male,90,2,4,Healthcare Representative,1,Single,7411,2411,1,Y,Yes,17,3,1,80,0,11,1,2,11,7,4,1
46,No,Travel_Rarely,863,Human Resources,8,3,Medical,1,465,4,Male,50,4,1,Human Resources,3,Married,2259,20685,1,Y,No,14,4,3,80,0,14,6,4,2,1,0,2
32,No,Travel_Rarely,1262,Research & Development,1,4,Technical Degree,1,466,3,Male,38,3,1,Manufacturing Director,1,Divorced,2080,2734,1,Y,No,13,3,3,80,0,0,2,4,0,0,0,0
40,Yes,Travel_Rarely,1220,Research & Development,8,4,Other,1,467,2,Female,54,3,1,Laboratory Technician,2,Divorced,2079,2952,4,Y,Yes,15,3,1,80,0,8,4,2,2,1,2,2
45,No,Travel_Rarely,339,Sales,3,3,Medical,1,468,3,Female,65,2,3,Sales Representative,1,Married,6576,6337,2,Y,No,13,3,3,80,0,9,1,4,7,7,5,2
37,No,Non-Travel,897,Research & Development,20,3,Marketing,1,469,1,Male,72,4,5,Research Scientist,2,Married,11981,11756,8,Y,Yes,15,4,4,80,1,1,2,3,1,1,1,0
42,No,Non-Travel,136,Human Resources,7,2,Medical,1,470,3,Male,57,3,3,Human Resources,4,Divorced,8774,17531,6,Y,No,15,3,4,80,1,8,5,2,8,7,5,5
33,No,Non-Travel,1421,Research & Development,8,2,Marketing,1,471,2,Female,93,3,4,Laboratory Technician,3,Single,7131,10337,0,Y,No,12,4,1,80,0,14,1,1,1,1,0,1
36,No,Travel_Rarely,971,Human Resources,26,2,Life Sciences,1,472,2,Male,74,3,3,Human Resources,2,Single,10166,3113,0,Y,Yes,18,3,4,80,1,1,3,3,1,1,1,0
36,No,Non-Travel,593,Research & Development,13,2,Life Sciences,1,473,1,Male,85,3,2,Manufacturing Director,3,Married,5726,26378,1,Y,No,14,3,2,80,0,16,5,3,13,7,3,4
31,Yes,Travel_Frequently,359,Sales,5,2,Medical,1,474,2,Female,77,3,2,Sales Representative,1,Divorced,4937,13908,2,Y,No,12,4,1,80,0,9,5,3,8,0,5,3
36,No,Travel_Rarely,488,Research & Development,6,3,Life Sciences,1,475,1,Female,37,4,1,Manufacturing Director,2,Divorced,3860,14629,2,Y,Yes,14,4,2,80,2,20,4,3,0,0,0,0
24,No,Travel_Rarely,371,Human Resources,9,3,Marketing,1,476,4,Male,43,4,1,Human Resources,3,Married,1009,18470,0,Y,No,16,3,2,80,0,3,4,3,2,1,2,0
33,No,Travel_Rarely,968,Research & Development,2,5,Technical Degree,1,477,3,Female,44,3,3,Research Scientist,2,Single,6503,12198,0,Y,No,16,3,3,80,0,20,3,3,14,6,1,5
35,No,Travel_Frequently,1449,Research & Development,1,2,Life Sciences,1,478,3,Female,68,3,2,Laboratory Technician,3,Married,4818,10573,0,Y,No,17,3,3,80,3,1,2,3,1,1,1,0
35,No,Travel_Rarely,1172,Human Resources,3,3,Medical,1,479,3,Male,54,3,2,Human Resources,3,Single,7048,7467,5,Y,No,19,3,4,80,0,6,3,4,1,1,1,1
35,No,Travel_Rarely,707,Research & Development,14,4,Technical Degree,1,480,3,Male,92,3,2,Research Scientist,4,Single,4930,15328,7,Y,No,20,3,2,80,0,2,6,2,2,1,1,2
37,No,Travel_Frequently,795,Research & Development,3,3,Marketing,1,481,4,Male,88,4,1,Laboratory Technician,4,Married,3175,8451,0,Y,No,16,3,2,80,3,23,3,3,2,2,2,0
42,Yes,Travel_Rarely,1055,Sales,1,2,Life Sciences,1,482,1,Female,58,3,2,Sales Executive,1,Single,4116,23689,1,Y,Yes,11,3,2,80,0,13,2,3,2,2,1,2
45,No,Travel_Rarely,512,Research & Development,2,2,Life Sciences,1,483,2,Female,32,3,2,Healthcare Representative,2,Divorced,5730,14925,0,Y,Yes,14,3,2,80,1,0,3,3,0,0,0,0
32,No,Travel_Rarely,946,Research & Development,10,1,Medical,1,484,4,Male,68,4,2,Manufacturing Director,2,Married,7516,9866,5,Y,No,11,4,4,80,0,0,3,3,0,0,0,0
27,Yes,Travel_Rarely,226,Research & Development,9,3,Medical,1,485,2,Female,51,2,4,Manager,1,Married,11493,16661,8,Y,No,21,3,4,80,1,4,2,3,1,1,1,1
28,Yes,Travel_Rarely,313,Sales,10,4,Life Sciences,1,486,1,Male,70,3,2,Manager,4,Single,4878,23216,1,Y,Yes,23,3,4,80,1,2,3,3,2,2,1,0
33,No,Travel_Rarely,1494,Research & Development,3,1,Life Sciences,1,487,1,Male,49,4,2,Healthcare Representative,4,Married,6013,5995,1,Y,Yes,18,4,3,80,0,11,3,3,3,3,3,3
34,No,Travel_Rarely,1046,Research & Development,21,2,Human Resources,1,488,1,Male,48,3,4,Research Scientist,3,Single,10866,26380,1,Y,No,18,3,3,80,1,12,3,3,9,4,2,2
31,No,Travel_Rarely,1021,Sales,5,4,Marketing,1,489,4,Male,42,1,4,Sales Executive,3,Divorced,10760,23411,2,Y,No,16,3,2,80,3,31,2,2,1,1,0,1
26,Yes,Non-Travel,1391,Sales,6,4,Other,1,490,2,Female,48,3,4,Sales Representative,1,Divorced,11668,13802,3,Y,Yes,17,3,3,80,0,33,1,3,7,5,3,4
33,No,Travel_Rarely,236,Research & Development,27,3,Marketing,1,491,4,Male,95,2,1,Laboratory Technician,3,Married,4157,9764,2,Y,Yes,11,3,3,80,2,12,3,3,4,4,0,4
39,Yes,Travel_Rarely,886,Research & Development,29,4,Other,1,492,4,Female,94,3,1,Research Scientist,4,Single,2309,20027,8,Y,No,15,3,4,80,0,0,3,3,0,0,0,0
43,No,Travel_Frequently,891,Research & Development,10,3,Life Sciences,1,493,3,Male,32,3,1,Research Director,3,Divorced,3463,18310,0,Y,No,12,3,3,80,0,5,2,4,2,0,2,2
33,No,Travel_Rarely,416,Research & Development,26,2,Marketing,1,494,1,Male,53,3,1,Research Scientist,2,Married,1925,7028,4,Y,No,16,3,2,80,3,8,2,3,0,0,0,0
34,No,Travel_Rarely,401,Research & Development,7,3,Life Sciences,1,495,1,Female,67,3,4,Healthcare Representative,3,Single,8615,4760,1,Y,No,15,3,4,80,1,8,2,1,8,8,0,2
29,No,Travel_Rarely,1423,Research & Development,3,3,Medical,1,496,3,Male,31,3,3,Healthcare Representative,2,Married,7096,4547,1,Y,No,22,4,4,80,0,10,3,3,3,2,1,1
37,No,Travel_Rarely,380,Research & Development,3,5,Medical,1,497,3,Male,85,3,1,Laboratory Technician,3,Divorced,2386,20045,3,Y,No,19,3,3,80,1,36,6,3,8,4,6,6
30,No,Non-Travel,475,Research & Development,7,1,Life Sciences,1,498,3,Male,66,4,1,Research Scientist,3,Single,1009,22230,7,Y,No,16,3,3,80,0,24,4,3,21,0,1,6
43,Yes,Travel_Rarely,827,Human Resources,8,3,Technical Degree,1,499,3,Female,33,3,1,Human Resources,2,Single,3790,10573,3,Y,Yes,14,3,1,80,0,1,4,3,1,1,0,1
22,No,Travel_Rarely,163,Human Resources,5,3,Technical Degree,1,500,4,Male,73,3,3,Human Resources,4,Divorced,3349,4567,4,Y,No,21,3,3,80,1,3,3,2,3,3,3,3
34,No,Travel_Rarely,980,Sales,19,3,Life Sciences,1,501,3,Male,74,3,3,Sales Executive,4,Single,11572,18913,3,Y,No,15,3,1,80,2,20,3,3,2,2,1,2
40,No,Travel_Rarely,1179,Research & Development,5,1,Medical,1,502,4,Male,76,3,4,Research Director,1,Single,12253,24702,1,Y,Yes,16,3,1,80,0,19,2,3,19,2,3,3
39,No,Non-Travel,439,Research & Development,3,3,Life Sciences,1,503,4,Male,55,3,5,Research Scientist,4,Married,12108,4499,4,Y,No,15,3,3,80,0,4,3,4,4,2,1,0
60,No,Travel_Rarely,978,Sales,1,4,Medical,1,504,1,Female,38,3,1,Sales Executive,3,Divorced,2514,10540,4,Y,Yes,14,3,2,80,0,14,2,3,8,8,2,2
41,No,Travel_Rarely,575,Sales,29,3,Technical Degree,1,505,2,Male,77,3,1,Sales Executive,4,Married,2954,12295,2,Y,No,15,3,4,80,0,12,4,3,4,0,1,4
29,No,Travel_Rarely,213,Research & Development,16,3,Life Sciences,1,506,1,Male,60,2,1,Manager,4,Divorced,1616,3928,2,Y,Yes,11,3,4,80,3,7,2,3,7,7,7,0
37,No,Travel_Rarely,1091,Sales,9,2,Other,1,507,1,Male,84,4,2,Sales Executive,3,Married,5289,9136,4,Y,Yes,11,3,1,80,3,2,1,3,2,2,1,2
22,No,Travel_Rarely,1394,Sales,16,3,Life Sciences,1,508,3,Male,30,3,4,Sales Executive,4,Single,9784,22829,4,Y,No,16,3,4,80,1,24,1,3,2,2,2,2
37,No,Travel_Rarely,425,Sales,15,3,Medical,1,509,2,Female,88,4,2,Manager,1,Divorced,4859,18900,1,Y,No,21,3,3,80,1,12,4,3,6,6,6,5
30,No,Travel_Rarely,720,Sales,24,4,Medical,1,510,3,Male,40,1,3,Sales Representative,1,Married,7772,15618,4,Y,No,16,3,1,80,2,2,2,4,2,2,2,2
46,Yes,Travel_Frequently,896,Research & Development,4,5,Life Sciences,1,511,4,Female,31,3,2,Laboratory Technician,3,Single,3030,8027,4,Y,Yes,13,3,3,80,0,13,2,3,0,0,0,0
33,No,Travel_Rarely,984,Research & Development,7,3,Life Sciences,1,512,1,Male,75,1,1,Manufacturing Director,4,Married,2559,17312,1,Y,No,11,3,3,80,0,15,5,2,12,1,4,0
37,No,Non-Travel,849,Sales,1,3,Technical Degree,1,513,3,Male,30,3,1,Sales Executive,4,Single,2745,12181,3,Y,No,18,3,3,80,0,24,3,3,1,1,1,1
32,No,Travel_Frequently,1210,Sales,29,4,Marketing,1,514,1,Female,99,4,2,Sales Executive,3,Single,5193,17505,1,Y,No,13,3,4,80,2,3,1,1,3,1,2,3
53,No,Travel_Rarely,473,Research & Development,29,3,Life Sciences,1,515,2,Male,95,1,3,Laboratory Technician,3,Single,7176,8166,0,Y,No,18,4,3,80,1,40,1,2,3,1,1,3
35,No,Travel_Rarely,1200,Research & Development,14,3,Medical,1,516,3,Female,31,3,1,Laboratory Technician,2,Married,4207,2648,2,Y,No,17,4,4,80,1,2,2,3,2,1,1,0
54,No,Travel_Rarely,697,Research & Development,5,2,Life Sciences,1,517,4,Female,98,2,3,Manufacturing Director,4,Divorced,6970,18484,6,Y,No,17,3,3,80,0,10,3,3,5,2,0,1
45,No,Travel_Rarely,609,Sales,6,4,Life Sciences,1,518,3,Male,42,3,4,Sales Executive,2,Married,10341,20243,0,Y,No,15,3,1,80,1,12,4,3,12,0,2,1
42,No,Travel_Rarely,329,Human Resources,5,3,Medical,1,519,1,Male,48,4,2,Human Resources,4,Divorced,6946,4185,4,Y,No,17,3,3,80,2,6,2,1,4,4,2,3
41,No,Travel_Rarely,696,Research & Development,3,4,Life Sciences,1,520,3,Female,76,3,3,Manufacturing Director,3,Single,7381,6924,2,Y,No,15,3,1,80,0,7,4,3,1,1,0,1
41,No,Travel_Rarely,116,Research & Development,7,4,Technical Degree,1,521,1,Male,30,3,2,Manufacturing Director,3,Single,5322,15985,5,Y,No,13,3,3,80,1,24,1,3,7,2,2,5
20,Yes,Travel_Rarely,1106,Research & Development,1,2,Marketing,1,522,2,Male,47,3,3,Laboratory Technician,3,Single,7355,20135,5,Y,Yes,12,3,3,80,0,11,2,4,2,2,2,2
35,No,Travel_Rarely,914,Human Resources,29,4,Other,1,523,3,Male,61,4,3,Human Resources,4,Single,9356,11097,5,Y,No,11,4,3,80,2,8,6,3,1,1,1,0
45,No,Travel_Rarely,282,Sales,5,4,Marketing,1,524,1,Male,40,3,5,Sales Executive,3,Single,12113,24572,4,Y,No,15,3,1,80,1,2,1,3,0,0,0,0
37,Yes,Non-Travel,439,Sales,24,3,Other,1,525,3,Female,49,3,1,Sales Representative,4,Divorced,4425,9557,5,Y,No,21,3,3,80,0,0,4,2,0,0,0,0
25,No,Travel_Rarely,1388,Research & Development,12,2,Medical,1,526,3,Male,37,3,2,Healthcare Representative,1,Divorced,4845,20440,0,Y,No,18,3,1,80,0,1,3,3,1,1,1,1
37,No,Travel_Rarely,1027,Research & Development,3,1,Medical,1,527,3,Male,67,4,1,Manager,3,Divorced,1211,18968,1,Y,No,16,3,3,80,0,34,1,3,4,4,0,2
53,No,Travel_Rarely,179,Research & Development,2,3,Other,1,528,1,Female,35,3,1,Laboratory Technician,4,Single,3519,10603,1,Y,No,12,3,4,80,2,16,3,4,1,1,1,1
49,No,Travel_Rarely,330,Research & Development,29,3,Medical,1,529,4,Male,31,3,3,Laboratory Technician,4,Divorced,7043,14599,3,Y,No,19,3,4,80,3,38,3,1,11,2,0,0
37,No,Travel_Rarely,1155,Sales,13,3,Life Sciences,1,530,2,Male,84,3,4,Sales Executive,4,Married,10931,26560,0,Y,No,15,3,1,80,1,0,5,3,0,0,0,0
46,No,Travel_Rarely,475,Sales,3,2,Marketing,1,531,4,Female,32,2,2,Sales Executive,1,Single,1009,21026,1,Y,No,21,3,3,80,0,13,2,3,13,1,8,4
34,Yes,Travel_Rarely,256,Human Resources,1,4,Human Resources,1,532,2,Male,95,3,1,Human Resources,1,Divorced,2508,11502,5,Y,Yes,12,3,3,80,1,0,2,2,0,0,0,0
22,No,Non-Travel,918,Human Resources,11,2,Technical Degree,1,533,3,Female,55,3,1,Manager,3,Married,1811,19654,3,Y,No,12,3,4,80,0,17,1,3,0,0,0,0
29,Yes,Travel_Rarely,1310,Research & Development,3,2,Medical,1,534,3,Female,77,3,2,Laboratory Technician,1,Single,3405,8193,5,Y,No,12,3,3,80,0,5,3,4,5,3,1,5
52,No,Travel_Rarely,549,Sales,2,3,Medical,1,535,2,Male,37,3,1,Sales Executive,4,Married,1670,21078,0,Y,Yes,11,3,1,80,0,1,2,3,1,1,1,1
35,Yes,Travel_Rarely,970,Sales,12,3,Other,1,536,1,Male,96,2,1,Sales Representative,2,Single,1639,5188,1,Y,Yes,12,4,3,80,2,9,1,4,4,4,3,4
35,No,Travel_Rarely,548,Sales,10,2,Life Sciences,1,537,2,Male,98,3,3,Sales Executive,3,Married,7428,18151,1,Y,No,16,3,3,80,2,4,6,2,2,0,2,2
35,No,Travel_Rarely,533,Research & Development,6,2,Medical,1,538,4,Male,59,4,1,Manufacturing Director,1,Married,1009,4357,0,Y,No,13,3,4,80,2,12,2,3,9,4,0,5
55,No,Travel_Frequently,868,Research & Development,26,2,Life Sciences,1,539,4,Female,56,4,2,Laboratory Technician,3,Divorced,5474,3160,1,Y,No,11,3,4,80,0,12,1,3,5,4,4,5
52,No,Travel_Rarely,1294,Research & Development,10,4,Medical,1,540,1,Female,72,3,3,Research Scientist,2,Single,9549,24222,1,Y,Yes,19,4,1,80,1,13,3,3,1,1,0,0
58,No,Travel_Frequently,1206,Sales,20,4,Medical,1,541,3,Male,34,3,1,Sales Executive,1,Married,2921,4884,0,Y,Yes,11,3,4,80,1,40,4,4,1,1,1,1
36,No,Travel_Frequently,899,Research & Development,2,3,Life Sciences,1,542,4,Female,49,3,2,Laboratory Technician,2,Married,6213,9173,2,Y,Yes,17,3,1,80,0,5,1,2,5,5,1,1
40,No,Non-Travel,1335,Research & Development,3,4,Life Sciences,1,543,4,Female,81,3,3,Research Director,3,Married,9142,13775,1,Y,No,15,3,4,80,2,7,1,4,2,1,2,0
24,No,Travel_Rarely,1384,Sales,1,4,Medical,1,544,1,Female,50,3,3,Sales Executive,4,Single,9355,20151,0,Y,No,23,4,4,80,3,18,1,3,1,1,0,1
51,No,Travel_Rarely,1089,Research & Development,3,2,Life Sciences,1,545,4,Male,32,4,2,Healthcare Representative,2,Married,7805,20841,3,Y,No,19,3,3,80,2,9,0,2,5,5,1,0
27,No,Travel_Frequently,650,Research & Development,29,5,Life Sciences,1,546,2,Male,70,3,1,Research Scientist,3,Divorced,1751,14254,3,Y,No,13,3,4,80,1,0,3,4,0,0,0,0
40,No,Travel_Rarely,1411,Research & Development,29,4,Technical Degree,1,547,3,Male,93,3,4,Research Scientist,4,Divorced,8922,22201,4,Y,No,13,3,1,80,1,20,3,3,2,2,1,2
28,No,Travel_Frequently,1179,Sales,13,2,Life Sciences,1,548,3,Female,97,1,3,Manager,4,Divorced,8675,5595,2,Y,Yes,21,3,1,80,1,1,3,3,1,1,1,1
32,No,Travel_Rarely,570,Research & Development,7,2,Medical,1,549,4,Male,53,2,1,Laboratory Technician,4,Divorced,3562,4908,9,Y,Yes,11,3,1,80,2,2,3,3,2,2,2,0
30,Yes,Travel_Rarely,470,Sales,14,2,Other,1,550,4,Male,81,1,1,Sales Representative,4,Married,3664,25120,6,Y,Yes,16,3,1,80,1,1,4,3,1,1,1,0
32,No,Non-Travel,955,Research & Development,7,2,Life Sciences,1,551,4,Male,31,4,1,Manager,3,Divorced,5334,2442,2,Y,No,15,3,3,80,0,1,3,3,1,1,1,1
33,Yes,Travel_Rarely,1225,Sales,1,4,Life Sciences,1,552,1,Male,73,3,1,Sales Executive,3,Single,2517,4216,1,Y,Yes,14,4,2,80,1,0,5,2,0,0,0,0
33,No,Travel_Rarely,1085,Research & Development,6,3,Medical,1,553,4,Male,70,3,2,Manager,1,Married,5639,17342,0,Y,No,17,3,4,80,2,1,3,3,1,1,1,1
45,Yes,Non-Travel,826,Research & Development,8,4,Marketing,1,554,1,Female,99,4,1,Laboratory Technician,3,Single,1029,17153,3,Y,Yes,16,3,3,80,0,6,4,2,0,0,0,0
28,No,Travel_Frequently,1083,Sales,3,4,Human Resources,1,555,2,Male,36,3,1,Sales Executive,4,Married,5703,22611,2,Y,Yes,17,3,3,80,1,3,2,3,3,1,1,3
40,No,Non-Travel,699,Research & Development,2,3,Human Resources,1,556,3,Male,67,3,3,Laboratory Technician,3,Single,6995,16691,7,Y,No,16,3,3,80,0,1,2,2,1,1,1,1
49,No,Travel_Rarely,1317,Research & Development,3,4,Marketing,1,557,3,Male,74,3,1,Manufacturing Director,4,Divorced,2038,18689,2,Y,No,17,3,2,80,3,12,4,1,12,2,2,1
33,No,Travel_Rarely,515,Research & Development,9,1,Life Sciences,1,558,3,Male,38,4,3,Manager,4,Single,6980,5623,9,Y,No,16,3,2,80,1,3,1,2,3,3,3,3
31,No,Travel_Rarely,194,Sales,1,3,Life Sciences,1,559,3,Male,82,2,3,Sales Executive,2,Single,6533,16055,5,Y,No,13,3,2,80,1,0,3,3,0,0,0,0
36,No,Travel_Rarely,1378,Research & Development,11,3,Life Sciences,1,560,4,Male,57,1,1,Healthcare Representative,4,Married,1406,26215,8,Y,Yes,15,3,4,80,1,6,3,3,6,2,3,1
48,No,Travel_Rarely,1066,Sales,5,1,Life Sciences,1,561,2,Male,48,2,3,Sales Executive,3,Single,6714,8443,1,Y,No,13,4,3,80,2,4,4,3,4,0,1,4
39,No,Travel_Rarely,662,Research & Development,4,1,Marketing,1,562,2,Male,97,3,3,Healthcare Representative,2,Single,5451,22578,0,Y,No,12,3,2,80,2,4,3,2,2,1,2,2
33,No,Non-Travel,1164,Research & Development,15,4,Medical,1,563,4,Male,33,3,2,Research Scientist,4,Single,3822,16024,4,Y,No,14,4,4,80,2,6,2,3,1,1,1,1
42,Yes,Travel_Rarely,647,Research & Development,6,4,Life Sciences,1,564,1,Male,42,3,1,Manager,3,Married,5423,11552,4,Y,Yes,15,4,1,80,0,12,2,3,0,0,0,0
28,No,Travel_Rarely,1483,Research & Development,4,2,Technical Degree,1,565,3,Female,40,2,2,Healthcare Representative,4,Married,6103,2241,1,Y,No,15,4,3,80,0,11,5,3,4,2,4,3
44,No,Travel_Rarely,879,Research & Development,19,4,Life Sciences,1,566,3,Female,31,3,4,Research Scientist,3,Divorced,11389,3803,4,Y,Yes,19,3,3,80,2,30,2,4,16,4,3,0
41,No,Travel_Rarely,1134,Research & Development,4,4,Medical,1,567,3,Male,99,2,3,Laboratory Technician,2,Married,9266,21500,2,Y,Yes,13,3,4,80,3,8,4,3,8,2,8,8
35,No,Travel_Rarely,289,Research & Development,18,3,Medical,1,568,4,Male,41,2,1,Laboratory Technician,4,Married,5251,15728,0,Y,Yes,16,4,4,80,0,7,0,3,1,0,1,1
30,No,Travel_Rarely,709,Sales,6,1,Medical,1,569,1,Female,66,3,3,Sales Executive,3,Married,4843,6084,2,Y,No,16,3,4,80,0,3,2,3,2,2,2,1
30,No,Non-Travel,746,Research & Development,2,5,Medical,1,570,4,Male,85,4,2,Laboratory Technician,3,Single,3155,16056,7,Y,No,13,3,3,80,0,15,2,1,4,0,2,4
42,No,Travel_Rarely,776,Research & Development,9,3,Life Sciences,1,571,1,Female,81,4,2,Research Director,1,Married,3794,9948,2,Y,No,15,3,1,80,0,2,3,3,2,2,2,2
49,No,Travel_Frequently,240,Sales,3,2,Life Sciences,1,572,3,Female,33,4,3,Sales Executive,4,Single,6795,5930,4,Y,No,19,3,4,80,1,7,2,3,7,6,0,5
32,Yes,Travel_Frequently,399,Research & Development,1,3,Marketing,1,573,1,Male,33,3,2,Healthcare Representative,1,Single,4549,16350,0,Y,No,16,3,3,80,0,6,0,2,5,2,1,1
42,No,Travel_Rarely,1205,Research & Development,1,4,Human Resources,1,574,3,Male,78,3,4,Laboratory Technician,4,Divorced,9330,26661,3,Y,No,16,3,1,80,0,12,1,3,6,4,5,3
19,No,Travel_Rarely,1381,Sales,2,2,Medical,1,575,3,Female,81,3,3,Manager,2,Married,7829,6617,7,Y,No,13,3,4,80,2,27,2,3,1,0,1,1
32,No,Travel_Frequently,280,Sales,12,2,Medical,1,576,4,Male,63,3,2,Sales Representative,3,Single,5053,2462,2,Y,No,22,3,2,80,0,32,1,3,5,5,5,3
37,No,Travel_Rarely,1382,Research & Development,16,2,Marketing,1,577,4,Male,51,2,1,Laboratory Technician,4,Single,1416,25622,1,Y,No,13,3,1,80,1,2,2,3,2,2,1,1
29,Yes,Non-Travel,319,Sales,18,5,Other,1,578,3,Male,42,3,4,Sales Representative,1,Divorced,6737,19948,3,Y,No,11,3,4,80,0,3,4,2,1,1,1,1
29,No,Non-Travel,368,Research & Development,3,2,Life Sciences,1,579,4,Male,92,3,5,Healthcare Representative,3,Divorced,11011,4691,6,Y,No,18,3,3,80,1,18,2,3,5,1,3,5
32,No,Travel_Rarely,1442,Research & Development,10,3,Medical,1,580,3,Female,44,3,1,Laboratory Technician,4,Married,1676,3396,0,Y,No,15,3,2,80,0,8,2,2,2,1,2,2
40,No,Travel_Frequently,692,Research & Development,2,5,Technical Degree,1,581,3,Female,69,3,2,Research Scientist,4,Married,4629,13610,1,Y,Yes,14,3,4,80,0,7,5,3,5,3,1,5
36,No,Travel_Rarely,780,Human Resources,9,2,Medical,1,582,3,Female,67,2,1,Human Resources,3,Married,1009,3988,0,Y,No,13,3,4,80,0,14,2,1,6,6,5,2
18,No,Non-Travel,717,Research & Development,20,5,Life Sciences,1,583,3,Male,84,3,3,Laboratory Technician,3,Divorced,6764,14348,2,Y,Yes,22,3,1,80,2,10,5,4,6,6,2,3
19,No,Travel_Rarely,951,Research & Development,1,5,Medical,1,584,4,Male,73,2,3,Manager,4,Divorced,5804,4618,2,Y,Yes,17,3,3,80,1,39,2,3,13,2,3,13
32,Yes,Travel_Rarely,1409,Research & Development,29,4,Life Sciences,1,585,1,Male,95,4,1,Research Director,4,Single,2311,19566,7,Y,No,17,3,4,80,0,10,2,3,3,3,0,2
42,No,Travel_Frequently,1470,Research & Development,16,2,Medical,1,586,3,Male,95,2,4,Healthcare Representative,4,Divorced,8390,24183,1,Y,No,16,3,2,80,2,7,2,2,5,5,2,5
18,Yes,Travel_Rarely,828,Research & Development,13,3,Medical,1,587,4,Male,72,3,1,Research Scientist,2,Single,1227,19804,2,Y,Yes,16,3,3,80,0,9,3,2,0,0,0,0
33,No,Travel_Rarely,176,Research & Development,11,4,Technical Degree,1,588,4,Female,67,4,3,Research Scientist,4,Single,5537,9578,5,Y,No,20,3,1,80,3,18,3,2,11,7,0,1
33,No,Non-Travel,838,Research & Development,13,5,Medical,1,589,4,Female,58,3,2,Healthcare Representative,3,Married,4770,22747,1,Y,No,14,3,4,80,0,10,2,3,2,1,2,2
50,Yes,Travel_Frequently,437,Research & Development,29,2,Life Sciences,1,590,3,Male,85,2,1,Healthcare Representative,1,Married,1200,16305,3,Y,Yes,11,3,4,80,1,11,4,3,11,2,0,8
34,No,Travel_Rarely,905,Research & Development,13,4,Life Sciences,1,591,3,Female,35,3,1,Laboratory Technician,2,Divorced,3860,26060,4,Y,No,18,3,1,80,0,39,3,3,2,1,2,2
41,Yes,Travel_Rarely,956,Research & Development,4,3,Technical Degree,1,592,3,Male,38,2,1,Research Scientist,1,Single,3109,5450,1,Y,Yes,17,3,4,80,1,11,0,2,0,0,0,0
39,No,Travel_Rarely,464,Research & Development,9,2,Life Sciences,1,593,3,Male,51,2,3,Manufacturing Director,1,Married,7395,24694,0,Y,No,16,4,4,80,1,5,3,2,1,1,1,1
18,No,Travel_Rarely,291,Research & Development,4,3,Medical,1,594,4,Female,75,1,2,Research Scientist,2,Divorced,3804,3196,2,Y,No,17,4,2,80,0,13,4,2,13,3,0,10
45,No,Non-Travel,1231,Sales,29,4,Life Sciences,1,595,4,Male,60,3,1,Sales Executive,1,Divorced,3071,19545,1,Y,No,14,3,3,80,0,12,2,3,3,1,2,1
40,No,Travel_Rarely,171,Research & Development,21,3,Marketing,1,596,4,Female,50,3,1,Manufacturing Director,3,Single,3536,2838,1,Y,No,15,3,1,80,2,0,0,3,0,0,0,0
42,No,Travel_Rarely,623,Sales,8,3,Medical,1,597,1,Female,67,3,1,Sales Executive,1,Married,2714,5168,9,Y,No,15,4,4,80,2,7,4,3,1,1,1,1
60,No,Travel_Rarely,1339,Research & Development,14,5,Life Sciences,1,598,4,Male,81,3,3,Laboratory Technician,2,Married,9906,20968,2,Y,No,13,4,3,80,1,15,6,3,3,3,1,3
19,Yes,Travel_Rarely,1084,Research & Development,22,3,Life Sciences,1,599,4,Female,48,2,3,Laboratory Technician,1,Single,8189,26022,5,Y,Yes,20,3,3,80,1,8,1,2,0,0,0,0
53,No,Travel_Rarely,618,Research & Development,3,3,Technical Degree,1,600,2,Male,39,3,1,Research Scientist,1,Divorced,3870,22242,1,Y,Yes,11,3,3,80,1,17,5,2,5,0,0,0
35,No,Travel_Rarely,129,Research & Development,8,3,Medical,1,601,3,Male,75,4,2,Manufacturing Director,2,Divorced,5200,24499,7,Y,No,24,3,3,80,0,7,2,3,2,2,0,2
40,No,Travel_Rarely,1440,Research & Development,6,3,Marketing,1,602,4,Male,95,2,1,Research Scientist,3,Single,3513,4956,4,Y,No,18,3,4,80,3,40,5,3,5,5,0,1
37,No,Non-Travel,1006,Research & Development,13,4,Human Resources,1,603,3,Male,67,4,4,Laboratory Technician,4,Single,8805,16283,4,Y,No,11,3,3,80,0,4,3,3,1,1,1,1
34,No,Travel_Rarely,1361,Research & Development,4,5,Human Resources,1,604,4,Female,91,3,4,Research Director,4,Single,9312,24433,1,Y,No,14,3,4,80,1,1,4,2,1,1,1,1
32,No,Travel_Rarely,193,Research & Development,11,3,Life Sciences,1,605,3,Male,75,4,3,Research Director,4,Divorced,8024,25346,2,Y,No,15,3,3,80,1,6,4,1,6,6,1,4
41,No,Travel_Rarely,464,Research & Development,5,4,Other,1,606,4,Female,64,3,4,Research Director,1,Single,10513,4654,2,Y,No,17,4,1,80,1,9,0,3,0,0,0,0
24,No,Travel_Frequently,139,Research & Development,1,1,Life Sciences,1,607,4,Male,72,3,4,Laboratory Technician,2,Married,10761,6885,4,Y,No,12,3,4,80,2,5,1,1,4,4,4,4
44,Yes,Travel_Rarely,765,Research & Development,1,2,Life Sciences,1,608,3,Male,59,3,4,Research Scientist,1,Married,11651,5928,5,Y,Yes,15,3,3,80,0,3,3,2,3,3,1,1
34,No,Travel_Frequently,805,Research & Development,1,3,Human Resources,1,609,4,Female,92,3,2,Manager,4,Married,2863,21252,0,Y,No,15,3,3,80,1,12,1,3,2,1,2,0
27,Yes,Travel_Rarely,592,Sales,1,1,Life Sciences,1,610,3,Male,59,2,1,Sales Representative,1,Single,1038,26746,6,Y,No,12,3,4,80,1,5,3,2,5,4,2,3
34,No,Travel_Rarely,1235,Research & Development,7,2,Life Sciences,1,611,3,Male,58,4,1,Laboratory Technician,3,Single,2844,21592,7,Y,No,12,4,1,80,0,11,5,2,6,6,0,3
49,No,Travel_Rarely,245,Sales,10,3,Life Sciences,1,612,1,Male,95,2,1,Sales Executive,2,Divorced,1413,16329,2,Y,No,19,3,3,80,0,17,2,4,7,1,1,5
33,No,Travel_Rarely,935,Research & Development,1,1,Medical,1,613,3,Male,51,2,2,Research Scientist,2,Divorced,10067,15625,1,Y,No,11,3,2,80,2,16,3,3,1,1,1,1
41,No,Travel_Rarely,1322,Research & Development,9,2,Medical,1,614,4,Male,64,3,1,Research Director,4,Divorced,3274,24182,4,Y,Yes,17,3,3,80,0,5,2,4,2,2,2,2
31,No,Non-Travel,1171,Sales,8,3,Marketing,1,615,4,Female,71,3,1,Sales Executive,4,Single,2383,3106,2,Y,No,18,3,4,80,1,9,3,3,2,2,1,2
44,No,Travel_Frequently,1274,Sales,1,3,Human Resources,1,616,2,Male,53,4,2,Sales Executive,4,Married,4227,6379,4,Y,No,14,3,4,80,1,7,2,3,5,4,5,0
44,No,Travel_Rarely,239,Research & Development,5,5,Medical,1,617,2,Male,55,3,1,Laboratory Technician,3,Married,1780,11160,4,Y,No,15,3,3,80,1,23,2,2,4,2,3,4
54,No,Travel_Frequently,591,Research & Development,13,3,Life Sciences,1,618,1,Female,60,1,2,Healthcare Representative,4,Single,5045,22835,0,Y,Yes,20,3,4,80,2,23,4,3,3,3,1,3
36,No,Travel_Frequently,503,Sales,1,3,Other,1,619,4,Male,31,3,4,Sales Representative,3,Divorced,10168,5650,2,Y,No,13,3,4,80,0,5,4,2,5,3,0,3
44,No,Travel_Rarely,703,Sales,1,5,Life Sciences,1,620,4,Female,68,3,3,Sales Executive,4,Married,6815,17070,2,Y,Yes,13,3,3,80,1,1,4,1,1,1,0,1
38,Yes,Travel_Rarely,825,Research & Development,29,4,Life Sciences,1,621,3,Male,41,3,3,Manufacturing Director,2,Single,7090,4419,7,Y,Yes,13,4,2,80,0,2,4,4,2,2,1,2
49,Yes,Travel_Rarely,782,Research & Development,12,2,Life Sciences,1,622,3,Male,73,3,2,Manager,3,Divorced,7016,25435,1,Y,Yes,20,3,3,80,0,5,3,3,1,1,1,1
31,No,Travel_Rarely,1033,Research & Development,6,2,Medical,1,623,3,Female,72,2,2,Laboratory Technician,3,Divorced,7077,22466,1,Y,Yes,20,4,4,80,2,9,3,4,9,9,3,4
44,No,Travel_Rarely,726,Research & Development,9,4,Life Sciences,1,624,1,Male,96,3,1,Healthcare Representative,3,Single,2878,20832,6,Y,No,11,4,4,80,0,12,2,3,3,1,3,1
36,No,Travel_Rarely,442,Research & Development,17,3,Life Sciences,1,625,4,Female,67,3,4,Research Scientist,4,Married,7988,14253,0,Y,Yes,19,4,3,80,0,4,1,3,4,4,0,2
37,Yes,Travel_Rarely,403,Research & Development,17,4,Life Sciences,1,626,3,Male,95,3,1,Manufacturing Director,4,Single,3308,12940,3,Y,Yes,18,3,4,80,1,12,2,3,1,1,1,1
38,No,Travel_Frequently,219,Research & Development,4,4,Life Sciences,1,627,3,Male,69,3,1,Healthcare Representative,3,Married,4831,25171,1,Y,No,21,3,2,80,0,31,1,3,3,3,0,3
40,No,Travel_Rarely,252,Sales,6,3,Medical,1,628,4,Male,51,2,3,Sales Executive,3,Single,9555,13513,2,Y,No,17,3,2,80,1,12,2,3,3,3,1,3
37,No,Travel_Rarely,1292,Research & Development,9,5,Technical Degree,1,629,4,Male,92,2,1,Manufacturing Director,3,Married,3602,14681,2,Y,No,15,3,4,80,2,2,2,4,2,2,2,0
40,No,Travel_Rarely,708,Research & Development,1,3,Marketing,1,630,4,Female,88,3,2,Research Scientist,4,Divorced,7134,20872,1,Y,No,19,3,1,80,0,10,3,1,10,8,1,10
52,No,Travel_Frequently,873,Sales,26,2,Life Sciences,1,631,4,Male,48,2,1,Manager,3,Married,2580,7636,9,Y,No,18,3,2,80,0,9,2,3,1,0,1,1
46,No,Travel_Rarely,1098,Sales,5,4,Life Sciences,1,632,4,Female,49,3,1,Sales Executive,1,Single,3442,6615,0,Y,No,24,4,3,80,0,23,3,3,7,1,7,2
45,No,Travel_Rarely,538,Research & Development,4,2,Other,1,633,3,Female,72,4,1,Laboratory Technician,3,Married,1479,18519,1,Y,No,19,3,3,80,0,5,3,2,5,4,2,1
34,Yes,Travel_Rarely,733,Research & Development,21,4,Life Sciences,1,634,1,Male,87,3,1,Manufacturing Director,1,Married,2938,16745,1,Y,Yes,16,4,3,80,0,6,5,3,1,1,0,0
30,No,Travel_Frequently,1199,Research & Development,1,5,Technical Degree,1,635,3,Male,83,3,3,Manufacturing Director,4,Divorced,9494,20326,2,Y,No,11,3,2,80,2,10,1,3,1,1,1,1
46,No,Travel_Rarely,463,Research & Development,1,4,Life Sciences,1,636,4,Female,69,3,4,Research Scientist,2,Married,9116,12410,1,Y,Yes,13,3,4,80,1,8,3,2,8,1,0,2
45,No,Travel_Frequently,197,Research & Development,10,3,Other,1,637,1,Female,56,3,2,Research Director,3,Single,3708,6285,0,Y,No,11,3,4,80,0,14,3,2,4,3,2,1
51,No,Non-Travel,393,Research & Development,4,3,Life Sciences,1,638,1,Male,42,4,4,Research Director,4,Single,10146,25908,7,Y,No,14,3,3,80,2,0,5,3,0,0,0,0
32,No,Travel_Rarely,1302,Research & Development,13,3,Medical,1,639,1,Male,76,4,1,Research Scientist,1,Married,2160,21344,1,Y,No,19,3,3,80,0,9,2,3,2,2,2,2
36,No,Travel_Rarely,128,Research & Development,1,3,Marketing,1,640,4,Male,52,3,1,Manager,1,Single,3474,15118,1,Y,No,15,3,4,80,1,1,2,3,1,1,1,1
23,No,Travel_Frequently,922,Research & Development,4,3,Medical,1,641,3,Female,88,3,1,Laboratory Technician,3,Married,1820,25371,1,Y,No,19,3,3,80,0,4,1,2,4,4,4,4
34,No,Non-Travel,406,Research & Development,2,4,Life Sciences,1,642,2,Male,36,3,2,Laboratory Technician,2,Single,7578,26874,1,Y,No,16,3,2,80,0,12,2,1,3,0,3,3
47,No,Travel_Frequently,824,Research & Development,12,4,Medical,1,643,1,Female,79,2,2,Laboratory Technician,2,Married,3065,15693,0,Y,No,14,3,3,80,1,2,3,4,2,0,1,1
33,No,Travel_Rarely,971,Research & Development,2,2,Marketing,1,644,4,Male,95,3,2,Research Director,4,Married,6881,5428,0,Y,Yes,16,3,2,80,0,4,4,4,1,1,1,1
43,No,Travel_Rarely,870,Research & Development,6,3,Life Sciences,1,645,2,Male,32,3,3,Healthcare Representative,4,Divorced,6353,22137,0,Y,No,17,3,2,80,1,13,2,3,3,3,2,0
36,No,Travel_Rarely,1087,Sales,15,4,Life Sciences,1,646,2,Male,68,2,2,Sales Executive,4,Divorced,2306,25557,1,Y,No,16,3,3,80,0,12,1,4,1,1,1,1
41,No,Travel_Rarely,1043,Research & Development,22,3,Medical,1,647,3,Male,36,4,2,Research Scientist,4,Single,5357,19132,1,Y,No,16,3,3,80,0,1,2,3,1,1,1,1
27,No,Travel_Rarely,306,Sales,12,3,Life Sciences,1,648,3,Male,97,4,5,Sales Executive,2,Married,12118,20840,2,Y,No,12,3,4,80,1,9,1,2,2,1,2,1
38,No,Non-Travel,968,Sales,5,4,Medical,1,649,2,Male,84,4,1,Sales Executive,2,Single,1009,11678,2,Y,No,14,4,4,80,2,2,5,2,2,2,2,2
18,No,Travel_Rarely,1116,Research & Development,8,4,Life Sciences,1,650,3,Male,37,3,2,Research Director,2,Married,2478,26553,0,Y,No,24,3,2,80,0,3,4,4,3,3,3,3
36,No,Travel_Frequently,679,Research & Development,11,3,Medical,1,651,2,Male,61,2,3,Manufacturing Director,4,Married,7487,23849,6,Y,No,20,3,4,80,0,7,2,3,5,0,1,1
23,No,Travel_Rarely,763,Research & Development,19,4,Life Sciences,1,652,4,Male,48,3,2,Research Scientist,3,Divorced,6464,7546,4,Y,No,11,3,1,80,1,1,2,3,1,1,1,1
48,No,Travel_Rarely,780,Research & Development,20,2,Medical,1,653,2,Female,41,3,1,Manager,2,Divorced,3377,23317,8,Y,Yes,11,4,3,80,1,40,5,4,8,5,0,8
45,No,Travel_Rarely,321,Sales,24,5,Life Sciences,1,654,1,Male,86,2,2,Sales Executive,2,Married,5085,9687,1,Y,No,15,3,4,80,1,2,0,3,2,2,2,2
42,No,Travel_Rarely,401,Research & Development,15,2,Life Sciences,1,655,4,Male,39,3,2,Manager,3,Married,5718,16724,3,Y,No,19,3,3,80,1,17,3,1,2,2,2,2
51,No,Travel_Rarely,359,Research & Development,1,1,Life Sciences,1,656,4,Male,50,3,2,Healthcare Representative,3,Divorced,4959,18762,0,Y,No,13,4,3,80,3,19,5,2,2,2,1,2
29,No,Travel_Rarely,816,Research & Development,12,4,Other,1,657,1,Female,49,2,1,Healthcare Representative,4,Divorced,1009,11626,4,Y,No,19,3,3,80,0,40,3,2,8,5,2,1
53,No,Travel_Rarely,341,Research & Development,15,2,Life Sciences,1,658,1,Male,33,3,4,Laboratory Technician,2,Single,7869,2605,0,Y,No,15,3,4,80,1,6,0,2,2,2,0,1
46,No,Travel_Rarely,1354,Research & Development,19,4,Marketing,1,659,4,Female,48,1,3,Research Director,4,Married,7195,13341,1,Y,No,15,3,3,80,1,23,2,3,7,7,0,6
35,No,Travel_Rarely,1281,Research & Development,23,4,Life Sciences,1,660,4,Female,58,3,2,Research Scientist,3,Married,4759,22602,2,Y,No,18,3,4,80,1,35,5,2,1,1,1,1
48,No,Travel_Rarely,319,Research & Development,6,4,Life Sciences,1,661,2,Female,93,3,3,Laboratory Technician,4,Single,8776,14097,2,Y,No,13,3,4,80,0,2,0,2,2,2,1,0
28,No,Travel_Rarely,566,Human Resources,10,5,Medical,1,662,3,Male,40,2,4,Human Resources,4,Single,11136,5172,2,Y,Yes,14,3,4,80,1,7,2,3,5,1,1,2
30,No,Travel_Rarely,296,Research & Development,1,3,Medical,1,663,1,Female,62,4,1,Healthcare Representative,4,Single,3408,6731,0,Y,No,18,3,3,80,1,1,4,3,1,1,1,1
32,No,Travel_Rarely,371,Research & Development,8,4,Other,1,664,3,Male,54,1,1,Healthcare Representative,1,Married,2080,16393,1,Y,No,15,4,1,80,1,11,4,3,7,1,1,7
33,Yes,Travel_Rarely,664,Research & Development,6,2,Other,1,665,1,Male,62,3,2,Manufacturing Director,2,Single,2929,14309,6,Y,Yes,22,3,2,80,0,10,3,3,4,4,0,2
28,No,Travel_Rarely,457,Research & Development,29,3,Marketing,1,666,3,Female,55,3,3,Research Director,3,Single,8118,10500,5,Y,No,18,3,3,80,1,3,2,3,2,0,1,2
49,No,Travel_Rarely,641,Research & Development,21,4,Medical,1,667,1,Male,65,3,1,Laboratory Technician,3,Single,3288,12554,2,Y,Yes,18,3,4,80,2,18,3,4,3,3,3,3
35,No,Travel_Rarely,577,Research & Development,14,3,Medical,1,668,3,Female,40,1,5,Manufacturing Director,3,Divorced,8917,7213,2,Y,No,15,3,3,80,2,0,2,2,0,0,0,0
41,No,Travel_Rarely,666,Research & Development,1,3,Life Sciences,1,669,3,Male,59,4,2,Laboratory Technician,4,Divorced,3748,21809,0,Y,No,18,3,4,80,1,18,2,2,1,1,1,1
32,No,Travel_Rarely,409,Research & Development,5,3,Other,1,670,3,Female,86,4,2,Research Director,1,Married,3963,4402,1,Y,No,14,3,2,80,1,0,4,3,0,0,0,0
21,No,Travel_Rarely,729,Research & Development,11,3,Medical,1,671,1,Male,39,3,1,Manufacturing Director,3,Married,2678,20315,1,Y,No,16,3,4,80,0,12,1,3,8,8,1,0
40,No,Travel_Rarely,510,Sales,1,5,Medical,1,672,2,Male,54,3,1,Sales Executive,2,Divorced,1295,26488,2,Y,No,12,3,3,80,0,1,0,3,1,1,1,1
20,No,Travel_Rarely,622,Research & Development,2,1,Life Sciences,1,673,4,Male,97,1,3,Manufacturing Director,4,Single,7443,18095,3,Y,No,19,4,3,80,0,3,2,2,3,1,3,2
37,No,Travel_Frequently,586,Research & Development,20,3,Life Sciences,1,674,2,Female,86,3,5,Research Scientist,4,Single,12184,7213,2,Y,No,16,3,4,80,2,14,3,3,3,0,1,2
25,No,Travel_Rarely,1383,Research & Development,1,4,Other,1,675,4,Male,63,3,2,Research Scientist,3,Single,4761,24214,0,Y,No,23,4,2,80,0,4,3,4,4,4,3,4
55,No,Travel_Rarely,795,Human Resources,1,3,Life Sciences,1,676,2,Male,83,3,5,Manager,1,Single,11425,2659,1,Y,No,24,3,1,80,1,8,4,3,2,2,2,2
46,No,Travel_Frequently,1031,Research & Development,8,1,Medical,1,677,3,Male,80,3,4,Research Scientist,4,Married,9042,9733,0,Y,No,18,3,3,80,2,27,3,2,9,5,0,6
39,No,Travel_Rarely,1295,Research & Development,26,3,Life Sciences,1,678,3,Female,35,3,2,Research Scientist,3,Divorced,3380,14184,3,Y,No,15,3,3,80,2,1,3,4,1,1,1,1
49,No,Travel_Rarely,752,Human Resources,16,3,Technical Degree,1,679,4,Male,88,2,3,Human Resources,2,Married,8070,11086,0,Y,No,12,3,4,80,1,18,3,3,6,6,1,1
30,No,Non-Travel,898,Sales,29,2,Life Sciences,1,680,1,Male,83,2,2,Sales Representative,4,Married,5857,19756,2,Y,No,19,3,4,80,1,1,2,3,1,1,0,1
42,No,Travel_Rarely,212,Sales,13,4,Technical Degree,1,681,1,Male,46,2,2,Sales Executive,4,Divorced,3844,15027,3,Y,No,16,3,1,80,1,1,2,1,1,1,1,1
39,No,Non-Travel,705,Research & Development,5,3,Life Sciences,1,682,3,Male,55,1,1,Laboratory Technician,3,Single,4781,25669,1,Y,No,17,4,3,80,0,1,3,3,1,1,1,1
40,No,Travel_Frequently,321,Research & Development,26,5,Technical Degree,1,683,4,Male,38,3,3,Manufacturing Director,3,Single,7028,7178,0,Y,No,22,3,3,80,0,40,1,2,1,1,0,1
49,Yes,Travel_Rarely,1130,Sales,5,4,Marketing,1,684,4,Male,31,3,1,Sales Representative,2,Married,4795,21982,2,Y,Yes,12,3,4,80,0,2,2,2,2,1,2,2
44,No,Travel_Rarely,1420,Sales,4,4,Life Sciences,1,685,3,Female,49,3,4,Sales Executive,3,Married,9037,11277,0,Y,No,12,3,4,80,0,25,2,3,8,0,1,8
40,No,Travel_Rarely,770,Research & Development,5,1,Medical,1,686,3,Male,35,3,4,Laboratory Technician,3,Single,6960,16156,2,Y,No,14,3,4,80,3,40,3,2,12,0,2,1
23,Yes,Travel_Rarely,996,Research & Development,15,3,Life Sciences,1,687,3,Male,84,3,1,Laboratory Technician,2,Married,3103,12811,4,Y,Yes,18,4,3,80,0,5,3,3,3,2,0,1
29,No,Travel_Rarely,614,Research & Development,22,2,Life Sciences,1,688,3,Male,77,3,1,Research Scientist,1,Married,2873,24091,1,Y,No,17,3,1,80,1,11,3,3,2,2,2,1
36,No,Travel_Frequently,1337,Sales,4,4,Technical Degree,1,689,3,Female,87,3,2,Sales Executive,2,Married,5052,12715,2,Y,Yes,12,3,2,80,0,17,3,2,13,4,0,3
38,No,Travel_Frequently,220,Research & Development,6,2,Life Sciences,1,690,4,Female,71,3,2,Manufacturing Director,2,Married,4037,24995,7,Y,No,18,3,3,80,3,5,5,3,5,5,2,2
27,No,Travel_Rarely,486,Research & Development,21,2,Life Sciences,1,691,4,Female,50,3,1,Healthcare Representative,3,Married,2448,12886,2,Y,Yes,11,3,4,80,0,2,2,4,2,2,2,0
59,No,Travel_Frequently,361,Research & Development,1,3,Life Sciences,1,692,3,Male,35,2,2,Healthcare Representative,3,Single,4233,8999,9,Y,No,12,3,3,80,0,6,3,2,0,0,0,0
51,No,Travel_Rarely,1300,Research & Development,14,2,Life Sciences,1,693,3,Male,59,1,1,Research Scientist,3,Married,2046,15728,0,Y,No,15,3,4,80,0,16,0,3,8,3,0,0
43,No,Travel_Rarely,235,Research & Development,5,2,Technical Degree,1,694,3,Male,52,3,1,Research Director,2,Single,3762,12425,3,Y,No,13,3,3,80,2,17,2,3,11,1,0,4
38,Yes,Travel_Rarely,203,Research & Development,4,3,Life Sciences,1,695,3,Male,65,4,1,Research Scientist,3,Divorced,2776,2470,3,Y,Yes,18,3,4,80,0,3,4,3,0,0,0,0
36,No,Travel_Rarely,486,Research & Development,5,1,Other,1,696,3,Male,32,3,1,Manager,4,Married,3415,10236,5,Y,No,16,3,1,80,2,2,2,3,2,2,0,2
29,No,Non-Travel,556,Research & Development,5,1,Other,1,697,1,Female,63,3,3,Healthcare Representative,3,Single,7152,19582,0,Y,No,22,3,1,80,1,28,2,3,6,1,2,0
38,No,Travel_Rarely,1187,Research & Development,13,3,Life Sciences,1,698,1,Female,59,3,5,Laboratory Technician,4,Married,11987,25224,1,Y,No,14,3,1,80,0,0,3,1,0,0,0,0
40,No,Travel_Rarely,1061,Research & Development,24,4,Life Sciences,1,699,3,Female,71,3,2,Healthcare Representative,3,Married,3270,12433,0,Y,Yes,15,3,4,80,0,15,1,4,10,0,2,2
26,No,Travel_Rarely,1002,Research & Development,6,3,Technical Degree,1,700,4,Male,50,3,2,Research Scientist,3,Single,4445,24152,7,Y,No,20,4,1,80,1,1,3,3,1,1,0,1
41,No,Travel_Rarely,667,Research & Development,16,3,Life Sciences,1,701,2,Female,33,3,1,Healthcare Representative,1,Divorced,1009,7336,1,Y,No,15,3,4,80,0,20,2,3,8,4,4,4
36,Yes,Travel_Frequently,108,Research & Development,12,3,Life Sciences,1,702,3,Male,78,2,2,Laboratory Technician,3,Divorced,4115,4941,6,Y,Yes,21,4,2,80,2,26,2,3,5,5,0,4
20,Yes,Travel_Rarely,969,Research & Development,4,3,Life Sciences,1,703,2,Male,77,3,1,Laboratory Technician,4,Married,2377,13753,1,Y,Yes,17,4,3,80,0,4,4,3,2,2,1,0
30,No,Travel_Rarely,616,Research & Development,8,5,Medical,1,704,1,Female,80,2,2,Research Director,4,Single,5846,10308,0,Y,No,11,3,4,80,1,1,3,3,1,1,0,1
34,No,Travel_Rarely,433,Research & Development,10,1,Technical Degree,1,705,4,Male,53,3,5,Laboratory Technician,4,Married,12097,21181,1,Y,No,20,3,3,80,1,7,2,3,7,7,0,1
55,No,Non-Travel,546,Human Resources,1,4,Life Sciences,1,706,4,Male,75,4,1,Manager,2,Married,3022,23343,2,Y,No,19,3,2,80,1,4,3,3,4,2,2,4
43,No,Travel_Rarely,436,Research & Development,5,4,Life Sciences,1,707,1,Male,56,3,3,Research Scientist,3,Single,4230,8756,5,Y,No,19,3,2,80,0,6,4,3,3,3,3,3
26,No,Travel_Rarely,762,Sales,29,4,Other,1,708,4,Female,80,3,1,Sales Executive,3,Single,2415,21826,1,Y,No,11,3,4,80,2,12,4,2,0,0,0,0
42,No,Travel_Rarely,389,Research & Development,9,2,Marketing,1,709,2,Female,49,4,2,Manufacturing Director,3,Divorced,2481,14055,6,Y,No,13,3,3,80,1,3,2,3,3,3,2,3
24,Yes,Travel_Rarely,1137,Sales,4,3,Medical,1,710,4,Male,47,3,1,Sales Executive,1,Single,1009,17548,1,Y,Yes,13,3,3,80,1,5,2,3,5,5,5,5
47,No,Travel_Rarely,1098,Sales,3,4,Marketing,1,711,2,Female,37,3,2,Sales Executive,4,Married,4719,11204,3,Y,Yes,12,3,3,80,1,17,2,2,17,10,2,2
33,No,Travel_Rarely,1229,Research & Development,2,1,Medical,1,712,2,Male,56,4,1,Laboratory Technician,4,Married,4414,12265,3,Y,Yes,22,4,2,80,1,11,2,1,1,1,1,1
37,No,Travel_Rarely,1388,Research & Development,5,4,Marketing,1,713,3,Male,43,3,2,Laboratory Technician,3,Married,5557,2470,1,Y,Yes,15,3,2,80,3,4,0,2,3,3,1,3
50,No,Non-Travel,274,Research & Development,2,4,Life Sciences,1,714,4,Female,47,3,2,Research Scientist,2,Single,5027,17478,0,Y,No,15,4,3,80,2,12,1,4,1,1,0,1
26,Yes,Travel_Rarely,422,Research & Development,1,4,Life Sciences,1,715,2,Female,94,2,1,Healthcare Representative,1,Divorced,2471,8528,1,Y,Yes,17,3,4,80,0,16,4,3,13,6,2,3
25,No,Travel_Rarely,1170,Sales,4,2,Marketing,1,716,4,Female,60,2,3,Manager,3,Married,6430,11482,0,Y,No,17,3,2,80,0,10,3,3,10,3,1,1
32,No,Travel_Rarely,312,Sales,8,4,Medical,1,717,1,Male,49,3,4,Manager,2,Married,9184,26098,6,Y,No,11,3,4,80,3,3,2,4,3,0,2,3
47,No,Travel_Frequently,1008,Human Resources,1,4,Other,1,718,4,Female,99,3,2,Human Resources,4,Married,5641,17741,8,Y,No,13,4,4,80,0,0,3,3,0,0,0,0
24,No,Travel_Rarely,838,Research & Development,1,4,Life Sciences,1,719,1,Female,74,4,1,Manufacturing Director,3,Married,1009,13426,3,Y,No,11,3,4,80,3,18,3,4,1,1,1,1
18,No,Travel_Rarely,518,Sales,1,1,Other,1,720,4,Female,30,4,1,Sales Representative,3,Divorced,3390,13638,3,Y,Yes,17,3,1,80,1,19,2,3,6,6,6,5
34,No,Travel_Rarely,365,Sales,3,1,Other,1,721,3,Male,48,4,4,Sales Executive,3,Married,9417,13196,1,Y,No,14,4,2,80,0,13,3,2,5,5,1,1
43,No,Travel_Rarely,402,Research & Development,2,3,Life Sciences,1,722,3,Female,68,3,2,Research Director,1,Married,6238,24963,0,Y,Yes,15,3,4,80,0,1,1,3,1,0,1,1
48,No,Non-Travel,1351,Research & Development,7,2,Technical Degree,1,723,4,Male,56,4,2,Healthcare Representative,4,Divorced,6442,3450,4,Y,No,11,3,2,80,1,10,3,3,3,3,3,2
33,No,Travel_Frequently,205,Sales,5,3,Medical,1,724,4,Male,85,3,1,Sales Executive,3,Married,1009,20244,2,Y,No,14,4,1,80,2,19,2,3,4,1,4,4
34,Yes,Travel_Frequently,1088,Research & Development,4,4,Human Resources,1,725,3,Male,45,3,2,Laboratory Technician,4,Single,4128,23983,3,Y,No,19,4,4,80,0,5,2,3,0,0,0,0
48,Yes,Travel_Rarely,322,Sales,16,3,Medical,1,726,1,Male,36,3,1,Sales Executive,3,Single,1217,12650,4,Y,No,20,3,2,80,0,2,2,3,2,1,2,2
21,No,Travel_Rarely,435,Research & Development,6,4,Marketing,1,727,3,Male,49,1,5,Research Scientist,4,Divorced,9781,7520,1,Y,No,18,3,3,80,3,10,3,3,4,4,1,4
34,Yes,Non-Travel,519,Sales,1,1,Medical,1,728,3,Female,60,2,4,Manager,1,Married,8451,5935,0,Y,No,11,4,3,80,0,19,3,2,18,6,2,6
39,No,Travel_Rarely,1426,Research & Development,3,2,Life Sciences,1,729,3,Male,54,3,1,Healthcare Representative,3,Married,6162,21722,4,Y,Yes,20,4,4,80,1,1,2,4,1,1,1,1
42,No,Travel_Rarely,736,Research & Development,29,1,Life Sciences,1,730,3,Female,30,3,2,Research Scientist,4,Married,5914,19021,2,Y,Yes,18,3,2,80,1,10,0,4,4,4,3,0
33,No,Travel_Rarely,1062,Research & Development,29,3,Medical,1,731,1,Male,46,3,1,Manager,4,Single,5376,13557,4,Y,No,15,4,4,80,0,11,3,4,2,1,1,2
38,No,Travel_Rarely,537,Sales,3,4,Marketing,1,732,4,Male,56,3,2,Sales Executive,4,Married,6244,13949,1,Y,No,11,3,3,80,0,10,4,3,10,2,4,4
18,No,Travel_Rarely,495,Sales,2,1,Medical,1,733,4,Male,53,4,4,Sales Executive,2,Single,8887,16504,1,Y,No,19,3,3,80,0,12,4,3,0,0,0,0
32,Yes,Travel_Rarely,835,Research & Development,6,3,Marketing,1,734,1,Male,91,3,2,Laboratory Technician,4,Married,4427,24525,0,Y,Yes,13,3,2,80,0,11,6,3,3,1,1,3
42,No,Travel_Rarely,144,Research & Development,6,3,Life Sciences,1,735,3,Male,81,3,1,Manufacturing Director,4,Married,3383,18445,3,Y,No,16,3,2,80,1,2,1,2,2,2,2,1
29,Yes,Travel_Rarely,311,Sales,5,5,Medical,1,736,3,Male,80,2,1,Manager,1,Married,3156,3714,2,Y,Yes,15,3,3,80,1,3,2,2,3,3,3,3
38,No,Travel_Rarely,1067,Research & Development,7,2,Life Sciences,1,737,3,Male,95,3,3,Research Scientist,4,Married,6634,6406,1,Y,No,21,3,3,80,1,11,3,3,5,1,5,0
42,Yes,Travel_Frequently,112,Sales,2,2,Technical Degree,1,738,1,Male,86,4,2,Manager,2,Divorced,2735,17062,2,Y,Yes,15,3,4,80,1,0,2,4,0,0,0,0
35,No,Travel_Rarely,317,Research & Development,1,1,Other,1,739,3,Male,84,3,2,Research Scientist,3,Married,9932,10817,2,Y,Yes,15,3,3,80,0,11,0,2,11,0,0,2
39,No,Travel_Rarely,1289,Research & Development,8,3,Life Sciences,1,740,2,Male,82,3,1,Research Director,2,Single,2288,9922,1,Y,No,21,3,3,80,0,12,2,4,2,2,0,1
29,No,Travel_Rarely,326,Research & Development,24,2,Life Sciences,1,741,3,Male,48,3,1,Manufacturing Director,4,Single,2011,17460,1,Y,No,13,4,3,80,0,3,2,3,2,2,0,2
36,No,Travel_Rarely,1371,Research & Development,1,4,Life Sciences,1,742,4,Female,42,4,5,Manufacturing Director,1,Married,12670,19366,1,Y,Yes,18,4,4,80,0,10,2,3,1,1,0,1
43,No,Travel_Rarely,759,Sales,11,3,Medical,1,743,4,Female,58,3,2,Sales Executive,3,Divorced,4636,18870,1,Y,No,14,3,3,80,3,8,5,2,1,1,1,1
39,No,Travel_Rarely,874,Research & Development,5,3,Medical,1,744,1,Female,35,3,2,Manager,3,Divorced,5184,11907,2,Y,Yes,11,4,2,80,0,3,2,2,3,2,1,3
32,No,Travel_Frequently,117,Research & Development,3,3,Technical Degree,1,745,3,Male,30,3,2,Manufacturing Director,2,Divorced,6930,5551,0,Y,No,15,3,4,80,0,7,1,4,6,2,0,5
40,No,Travel_Rarely,1319,Sales,17,1,Life Sciences,1,746,4,Female,53,1,3,Sales Executive,3,Single,7313,26146,1,Y,No,18,3,3,80,1,26,1,2,7,7,5,4
44,No,Travel_Rarely,1134,Research & Development,5,3,Marketing,1,747,1,Female,35,4,1,Manufacturing Director,1,Married,1009,4457,1,Y,No,20,4,3,80,1,6,4,3,6,1,2,0
19,No,Travel_Rarely,615,Research & Development,8,5,Marketing,1,748,4,Female,77,4,1,Research Scientist,4,Married,2258,25832,1,Y,No,21,3,3,80,3,11,3,2,2,2,2,2
48,Yes,Travel_Frequently,394,Sales,5,4,Life Sciences,1,749,4,Male,49,4,2,Manager,4,Single,4303,2411,9,Y,Yes,14,3,4,80,0,0,1,2,0,0,0,0
35,No,Travel_Rarely,1209,Research & Development,1,4,Medical,1,750,4,Female,96,4,3,Laboratory Technician,4,Single,9636,25015,0,Y,Yes,12,3,2,80,0,1,2,2,1,1,1,1
41,No,Travel_Frequently,1334,Research & Development,8,4,Life Sciences,1,751,2,Female,84,3,3,Manufacturing Director,4,Divorced,9257,14760,3,Y,No,14,3,1,80,0,1,4,3,1,1,1,1
48,No,Travel_Frequently,159,Sales,5,2,Medical,1,752,2,Male,47,3,4,Sales Executive,2,Single,10161,10990,0,Y,No,11,3,4,80,0,17,2,3,5,2,1,3
25,No,Travel_Rarely,1086,Research & Development,1,2,Technical Degree,1,753,4,Female,50,4,2,Laboratory Technician,2,Single,3082,17223,5,Y,No,14,4,1,80,1,5,6,3,0,0,0,0
31,Yes,Travel_Rarely,952,Research & Development,8,1,Medical,1,754,2,Male,93,3,1,Laboratory Technician,3,Single,1009,15879,6,Y,Yes,14,3,4,80,2,3,3,2,3,3,1,3
35,No,Travel_Frequently,749,Research & Development,1,3,Technical Degree,1,755,1,Male,66,2,5,Laboratory Technician,1,Divorced,12523,22249,1,Y,No,18,4,1,80,1,15,2,3,2,2,2,2
31,No,Travel_Rarely,1456,Sales,2,2,Medical,1,756,3,Male,48,3,2,Sales Executive,4,Married,5504,22722,4,Y,No,11,4,2,80,0,2,4,3,2,2,2,2
53,Yes,Travel_Rarely,562,Research & Development,14,3,Life Sciences,1,757,1,Female,85,4,2,Research Scientist,1,Married,4438,23131,1,Y,Yes,12,3,1,80,0,3,2,1,2,2,1,2
30,No,Travel_Rarely,1070,Research & Development,1,4,Medical,1,758,4,Male,91,3,3,Healthcare Representative,4,Divorced,6780,17465,0,Y,No,13,3,3,80,2,6,2,3,3,1,1,3
33,No,Travel_Rarely,1450,Sales,9,4,Medical,1,759,3,Male,47,4,2,Sales Executive,1,Married,4111,8979,1,Y,No,20,3,3,80,1,4,2,2,3,0,3,3
39,No,Non-Travel,1335,Sales,27,4,Life Sciences,1,760,4,Male,59,2,1,Sales Executive,4,Married,2465,12795,1,Y,No,11,3,1,80,3,10,4,3,3,2,3,3
27,No,Travel_Rarely,1250,Research & Development,2,5,Life Sciences,1,761,4,Male,85,3,3,Manufacturing Director,1,Single,3926,6100,1,Y,No,16,3,2,80,1,5,1,3,5,3,2,3
34,No,Travel_Rarely,793,Research & Development,5,1,Medical,1,762,1,Male,71,3,3,Laboratory Technician,1,Single,5848,14096,1,Y,No,15,4,4,80,3,5,2,4,5,0,3,1
40,No,Travel_Rarely,391,Research & Development,8,1,Life Sciences,1,763,3,Female,82,1,2,Research Director,4,Divorced,4059,15076,1,Y,Yes,19,3,3,80,2,22,0,2,6,0,0,4
35,No,Travel_Rarely,1339,Sales,5,4,Life Sciences,1,764,4,Female,79,2,2,Manager,2,Married,6811,16996,3,Y,No,17,3,4,80,0,24,4,3,24,1,0,10
37,No,Travel_Frequently,1222,Research & Development,9,2,Medical,1,765,3,Male,33,2,1,Healthcare Representative,4,Married,1279,16695,1,Y,No,16,3,4,80,1,19,2,2,19,2,0,0
33,No,Travel_Rarely,1021,Research & Development,5,2,Life Sciences,1,766,4,Male,92,4,1,Healthcare Representative,3,Married,2771,23120,0,Y,No,13,3,4,80,1,22,2,3,3,2,0,1
24,Yes,Non-Travel,350,Sales,1,3,Other,1,767,4,Male,96,2,1,Manager,1,Married,2840,20605,2,Y,Yes,11,3,4,80,0,9,3,3,4,1,1,1
40,No,Travel_Rarely,834,Sales,1,2,Life Sciences,1,768,1,Female,85,3,1,Sales Executive,4,Single,4447,23091,1,Y,No,16,4,2,80,0,11,3,2,11,1,0,11
53,No,Travel_Rarely,626,Research & Development,12,3,Marketing,1,769,4,Male,78,1,5,Laboratory Technician,3,Single,14394,16044,0,Y,No,17,4,4,80,0,9,4,3,7,1,4,4
38,No,Travel_Frequently,1216,Sales,2,3,Medical,1,770,1,Male,51,3,3,Sales Executive,4,Single,7414,21227,0,Y,No,11,3,4,80,0,17,2,3,2,0,2,2
40,No,Non-Travel,806,Research & Development,17,3,Marketing,1,771,1,Male,41,3,3,Manufacturing Director,3,Single,6787,26913,2,Y,No,11,3,4,80,0,9,4,3,8,2,1,4
44,No,Travel_Rarely,873,Sales,12,4,Life Sciences,1,772,4,Female,78,3,2,Sales Executive,3,Divorced,4004,26678,1,Y,Yes,16,3,1,80,1,1,3,3,1,0,0,1
26,No,Travel_Frequently,677,Research & Development,1,3,Other,1,773,4,Female,42,3,1,Healthcare Representative,2,Single,2138,17610,5,Y,No,16,3,4,80,3,18,1,4,3,3,2,3
53,No,Travel_Frequently,943,Research & Development,2,2,Medical,1,774,3,Female,62,2,5,Manager,2,Single,11849,22132,0,Y,No,12,3,4,80,1,16,4,4,2,2,0,1
39,No,Travel_Rarely,845,Sales,3,2,Technical Degree,1,775,2,Female,76,3,2,Manager,3,Married,5830,16893,0,Y,Yes,13,3,4,80,0,19,3,4,2,2,2,2
52,No,Travel_Rarely,268,Research & Development,8,3,Life Sciences,1,776,2,Male,93,3,1,Healthcare Representative,3,Divorced,3130,11609,1,Y,Yes,11,3,1,80,0,2,3,3,0,0,0,0
31,Yes,Non-Travel,1376,Research & Development,15,4,Life Sciences,1,777,2,Male,46,2,2,Laboratory Technician,3,Single,5888,7533,9,Y,No,20,3,2,80,0,3,5,3,3,1,2,1
54,No,Travel_Rarely,1311,Sales,1,4,Medical,1,778,2,Male,63,3,4,Sales Representative,3,Single,11889,12582,3,Y,No,11,3,4,80,1,4,3,3,2,1,0,2
45,No,Travel_Rarely,350,Sales,3,4,Life Sciences,1,779,2,Male,97,2,4,Sales Executive,3,Married,12794,18474,1,Y,No,17,3,3,80,2,8,0,2,1,1,1,0
43,No,Travel_Rarely,441,Research & Development,4,2,Medical,1,780,3,Male,68,2,1,Laboratory Technician,1,Married,2687,20848,0,Y,No,15,3,3,80,0,2,4,3,1,1,1,1
40,No,Travel_Frequently,1263,Sales,2,3,Life Sciences,1,781,4,Male,30,3,4,Sales Executive,2,Married,11649,4697,2,Y,Yes,20,3,4,80,1,5,2,3,5,0,1,2
35,No,Travel_Rarely,210,Research & Development,7,3,Medical,1,782,2,Male,34,3,1,Research Director,3,Divorced,1973,7841,1,Y,No,12,3,1,80,1,2,3,4,2,2,1,2
48,No,Travel_Rarely,931,Research & Development,6,3,Other,1,783,1,Female,69,2,1,Healthcare Representative,1,Divorced,4278,5627,3,Y,No,15,3,3,80,0,3,2,3,1,1,1,1
39,No,Travel_Frequently,518,Research & Development,3,3,Medical,1,784,4,Female,92,3,4,Manufacturing Director,2,Divorced,11592,26043,2,Y,No,11,4,2,80,0,13,2,3,1,0,1,1
20,No,Travel_Rarely,527,Research & Development,7,3,Technical Degree,1,785,4,Female,30,4,4,Research Director,1,Married,11513,10678,1,Y,No,11,3,2,80,1,21,3,3,4,4,4,0
28,No,Travel_Frequently,1169,Sales,4,3,Medical,1,786,4,Female,64,4,2,Sales Executive,4,Married,5141,19729,0,Y,Yes,17,3,2,80,1,0,2,4,0,0,0,0
36,No,Travel_Frequently,443,Research & Development,4,4,Medical,1,787,1,Male,46,4,2,Research Scientist,4,Single,3997,5060,4,Y,No,11,4,2,80,0,9,3,2,2,2,0,2
40,Yes,Travel_Rarely,1104,Research & Development,3,2,Other,1,788,1,Female,89,3,4,Research Scientist,1,Divorced,7908,13414,2,Y,Yes,14,3,1,80,0,0,4,3,0,0,0,0
37,Yes,Travel_Rarely,302,Research & Development,7,4,Technical Degree,1,789,3,Male,30,3,3,Research Scientist,1,Married,7440,12852,5,Y,Yes,19,3,3,80,1,1,2,3,1,1,0,1
49,No,Travel_Rarely,479,Sales,5,2,Technical Degree,1,790,3,Female,33,3,4,Sales Executive,4,Single,12300,9665,1,Y,No,18,3,4,80,0,13,3,2,3,3,1,1
20,No,Travel_Rarely,1229,Research & Development,2,1,Life Sciences,1,791,3,Male,38,2,2,Manufacturing Director,3,Married,4535,21485,3,Y,Yes,13,3,3,80,2,15,4,1,15,6,0,1
39,No,Travel_Rarely,559,Research & Development,1,5,Medical,1,792,3,Female,74,3,5,Healthcare Representative,4,Single,13678,26291,0,Y,No,11,3,2,80,0,19,3,3,0,0,0,0
21,No,Travel_Rarely,1092,Research & Development,1,5,Life Sciences,1,793,1,Male,61,3,5,Research Director,4,Married,13766,18400,1,Y,Yes,17,3,1,80,0,7,3,3,2,2,1,2
44,No,Travel_Frequently,1002,Research & Development,1,1,Medical,1,794,3,Male,98,3,1,Research Scientist,3,Married,2074,9300,3,Y,No,20,3,4,80,0,22,2,1,12,0,3,5
37,No,Travel_Rarely,733,Research & Development,5,3,Medical,1,795,3,Female,43,4,4,Healthcare Representative,1,Married,11975,10478,4,Y,Yes,13,3,4,80,3,2,2,3,2,2,2,0
41,No,Travel_Rarely,1487,Sales,2,2,Technical Degree,1,796,3,Male,80,2,2,Sales Executive,4,Divorced,1009,10612,1,Y,No,12,4,2,80,2,3,2,3,1,1,1,1
30,No,Non-Travel,1153,Sales,5,3,Human Resources,1,797,3,Female,52,3,2,Sales Executive,4,Single,3166,6214,4,Y,Yes,13,3,2,80,2,2,2,4,2,2,2,2
49,No,Travel_Rarely,1232,Research & Development,4,4,Medical,1,798,3,Female,75,2,2,Manufacturing Director,3,Married,3627,22675,3,Y,No,17,3,3,80,0,18,3,4,8,8,3,1
47,No,Travel_Frequently,641,Sales,7,5,Life Sciences,1,799,2,Female,56,3,1,Sales Executive,3,Married,1270,14598,1,Y,No,20,3,4,80,2,3,1,3,2,1,2,2
43,No,Travel_Rarely,1311,Sales,12,3,Technical Degree,1,800,2,Female,65,1,2,Sales Executive,2,Married,5504,6931,5,Y,No,11,3,3,80,2,2,5,4,2,1,2,2
36,No,Travel_Rarely,296,Sales,6,3,Life Sciences,1,801,3,Female,97,3,4,Sales Executive,2,Divorced,10435,6119,2,Y,No,11,3,3,80,0,11,4,1,2,1,1,2
43,No,Travel_Rarely,1271,Research & Development,1,3,Medical,1,802,1,Male,61,3,1,Research Scientist,4,Married,3091,6351,3,Y,Yes,24,3,4,80,3,1,2,3,1,1,1,1
31,No,Travel_Rarely,873,Research & Development,1,3,Life Sciences,1,803,3,Female,95,3,2,Research Scientist,4,Married,5894,16716,2,Y,Yes,15,3,4,80,2,1,0,3,1,1,1,1
45,No,Travel_Rarely,973,Research & Development,2,4,Life Sciences,1,804,4,Female,71,3,5,Healthcare Representative,3,Single,11075,23251,2,Y,Yes,16,3,1,80,3,1,3,2,1,1,1,1
52,No,Travel_Rarely,790,Research & Development,5,4,Other,1,805,2,Female,79,3,2,Manager,4,Divorced,3173,11171,5,Y,No,13,3,4,80,2,0,3,3,0,0,0,0
47,No,Travel_Rarely,229,Sales,1,3,Life Sciences,1,806,1,Male,86,3,2,Sales Executive,1,Married,5594,6047,1,Y,No,17,3,3,80,1,13,5,2,3,3,2,2
31,No,Travel_Frequently,207,Sales,4,3,Medical,1,807,4,Female,93,3,2,Sales Representative,2,Married,4055,20772,0,Y,Yes,19,3,4,80,3,9,2,4,3,3,1,3
41,Yes,Travel_Frequently,453,Sales,20,3,Life Sciences,1,808,2,Female,75,3,2,Sales Executive,3,Single,2644,8411,5,Y,No,16,4,3,80,0,3,1,3,3,3,3,3
26,No,Travel_Rarely,1474,Research & Development,1,1,Human Resources,1,809,1,Female,83,4,3,Healthcare Representative,1,Single,8957,5561,4,Y,No,22,3,3,80,1,3,5,3,3,0,1,1
43,No,Travel_Frequently,935,Research & Development,27,4,Technical Degree,1,810,2,Male,82,3,3,Laboratory Technician,3,Married,9593,19510,1,Y,Yes,14,3,3,80,0,18,2,2,10,6,7,3
42,No,Travel_Rarely,415,Human Resources,17,3,Life Sciences,1,811,4,Male,58,3,2,Human Resources,2,Divorced,7336,3565,1,Y,No,14,3,3,80,1,8,3,2,3,1,3,2
21,No,Travel_Rarely,1102,Sales,16,3,Life Sciences,1,812,2,Male,66,4,4,Sales Executive,4,Married,10281,7207,3,Y,No,16,3,1,80,1,13,1,4,6,1,2,5
27,No,Travel_Rarely,1485,Research & Development,18,3,Medical,1,813,3,Female,98,4,2,Research Scientist,4,Divorced,5939,24168,0,Y,No,17,3,3,80,1,7,4,3,3,3,0,0
35,No,Travel_Rarely,1446,Sales,1,4,Life Sciences,1,814,3,Female,43,4,1,Sales Executive,3,Married,4555,25283,1,Y,No,16,3,3,80,2,3,1,4,3,3,1,3
35,Yes,Travel_Rarely,485,Sales,1,2,Medical,1,815,1,Male,56,3,3,Sales Executive,1,Married,6538,22549,0,Y,Yes,11,4,2,80,0,39,3,3,1,1,1,0
27,No,Non-Travel,1103,Research & Development,1,4,Life Sciences,1,816,2,Male,34,3,3,Research Scientist,3,Single,9166,9833,2,Y,No,16,3,4,80,1,9,3,2,2,2,2,0
41,No,Travel_Rarely,118,Research & Development,1,4,Life Sciences,1,817,4,Male,73,3,2,Manager,4,Divorced,5413,3242,0,Y,No,14,4,2,80,0,2,5,3,2,2,0,2
40,No,Travel_Rarely,1495,Research & Development,4,5,Marketing,1,818,3,Male,44,3,1,Research Scientist,3,Single,3871,26710,2,Y,No,13,3,3,80,0,6,0,3,6,1,0,4
36,No,Travel_Rarely,1191,Research & Development,16,3,Life Sciences,1,819,1,Female,96,4,1,Research Scientist,1,Divorced,2779,24958,3,Y,No,15,3,1,80,1,4,2,2,4,4,0,4
31,No,Travel_Rarely,987,Research & Development,3,2,Technical Degree,1,820,1,Female,30,3,1,Laboratory Technician,1,Divorced,4444,22234,2,Y,No,12,3,3,80,1,3,1,3,3,2,2,3
47,Yes,Travel_Frequently,1238,Sales,3,3,Life Sciences,1,821,3,Male,53,4,1,Sales Executive,2,Divorced,2835,14042,0,Y,Yes,11,3,2,80,0,30,4,3,1,1,1,1
52,No,Non-Travel,172,Research & Development,10,3,Life Sciences,1,822,4,Male,91,3,3,Research Scientist,2,Married,5274,17639,0,Y,No,11,3,3,80,0,23,3,2,4,2,0,4
33,No,Travel_Rarely,1186,Research & Development,1,2,Other,1,823,2,Male,86,3,1,Laboratory Technician,4,Married,4678,9502,1,Y,No,22,3,2,80,0,2,3,3,2,1,1,2
32,No,Travel_Rarely,545,Research & Development,4,3,Medical,1,824,3,Female,49,4,3,Research Scientist,4,Married,6079,13696,2,Y,Yes,17,3,1,80,1,5,1,3,5,1,3,0
42,No,Travel_Rarely,1070,Research & Development,3,3,Marketing,1,825,1,Male,87,3,1,Laboratory Technician,2,Single,4380,25739,3,Y,No,15,4,4,80,1,16,3,3,12,1,4,1
34,Yes,Travel_Rarely,1439,Sales,17,4,Life Sciences,1,826,2,Male,43,4,1,Sales Executive,2,Married,2365,13252,0,Y,Yes,13,3,3,80,0,3,2,3,3,1,3,1
36,No,Travel_Rarely,584,Research & Development,7,1,Medical,1,827,1,Male,82,3,2,Laboratory Technician,2,Single,6764,15397,3,Y,No,11,3,2,80,1,10,2,3,8,5,3,2
44,No,Travel_Frequently,1369,Research & Development,9,3,Marketing,1,828,4,Female,64,3,1,Laboratory Technician,4,Married,4202,17162,3,Y,No,13,3,1,80,0,13,4,2,7,4,0,7
20,No,Travel_Rarely,618,Sales,1,4,Life Sciences,1,829,3,Female,91,3,4,Sales Executive,3,Single,10645,25141,1,Y,Yes,18,3,4,80,1,12,1,4,12,4,1,7
49,No,Travel_Frequently,1495,Research & Development,24,4,Technical Degree,1,830,4,Female,90,4,1,Research Scientist,3,Single,3263,5890,1,Y,Yes,19,3,1,80,0,13,3,4,3,2,3,3
38,No,Travel_Rarely,418,Research & Development,4,4,Medical,1,831,4,Male,48,3,2,Manufacturing Director,3,Married,5634,5541,5,Y,No,18,4,4,80,3,13,4,3,13,6,10,13
34,No,Travel_Rarely,1146,Research & Development,11,4,Life Sciences,1,832,4,Male,71,3,4,Healthcare Representative,3,Married,6979,10370,4,Y,No,16,3,3,80,0,37,5,1,18,1,2,2
37,Yes,Travel_Rarely,799,Research & Development,28,5,Medical,1,833,2,Male,73,3,2,Research Scientist,2,Married,5177,13704,9,Y,Yes,20,3,2,80,1,5,4,3,5,4,3,1
37,No,Travel_Rarely,822,Research & Development,6,3,Medical,1,834,1,Female,30,3,1,Research Scientist,2,Single,1009,26310,1,Y,No,14,3,4,80,1,23,2,3,9,1,7,3
22,Yes,Travel_Rarely,332,Research & Development,6,3,Life Sciences,1,835,4,Male,97,2,2,Manager,3,Married,5257,14831,6,Y,No,19,3,4,80,0,0,3,4,0,0,0,0
51,No,Travel_Rarely,965,Research & Development,1,1,Life Sciences,1,836,4,Male,75,3,3,Research Scientist,3,Single,5786,12449,0,Y,Yes,14,3,2,80,0,4,1,4,1,1,0,1
38,No,Travel_Rarely,1203,Sales,4,1,Life Sciences,1,837,4,Female,80,2,5,Sales Executive,2,Married,10723,6551,1,Y,No,12,3,3,80,0,1,1,3,1,1,1,1
42,No,Travel_Rarely,664,Research & Development,17,2,Life Sciences,1,838,1,Female,61,3,4,Healthcare Representative,1,Married,12407,23848,2,Y,Yes,11,3,3,80,2,12,3,2,2,2,2,1
46,No,Travel_Rarely,870,Research & Development,1,2,Marketing,1,839,2,Male,48,3,1,Laboratory Technician,2,Married,4104,13245,1,Y,Yes,11,3,4,80,0,1,4,4,1,1,1,1
28,No,Non-Travel,909,Research & Development,22,2,Medical,1,840,4,Male,68,3,5,Research Scientist,3,Married,12494,12516,2,Y,No,18,3,3,80,1,21,1,3,14,1,4,2
42,No,Travel_Frequently,631,Research & Development,10,2,Other,1,841,1,Male,43,4,1,Research Scientist,3,Married,2777,13009,0,Y,Yes,12,3,2,80,1,11,1,3,1,1,1,1
35,No,Non-Travel,391,Sales,5,1,Life Sciences,1,842,3,Female,58,3,1,Manager,4,Married,2128,17781,5,Y,No,11,3,1,80,0,0,3,3,0,0,0,0
45,No,Travel_Rarely,1343,Research & Development,7,4,Medical,1,843,3,Female,71,4,4,Research Scientist,1,Married,10855,4733,2,Y,No,18,3,2,80,0,14,2,3,7,2,0,0
18,No,Travel_Rarely,201,Sales,1,1,Technical Degree,1,844,1,Male,43,2,1,Sales Representative,2,Married,1486,9781,6,Y,No,16,4,2,80,2,22,3,3,3,3,3,3
37,No,Travel_Rarely,250,Research & Development,2,4,Medical,1,845,2,Male,40,1,1,Manager,2,Married,3991,15792,0,Y,Yes,19,3,2,80,0,12,2,2,4,2,1,0
32,Yes,Travel_Rarely,1280,Research & Development,3,2,Medical,1,846,2,Female,76,4,1,Laboratory Technician,3,Single,2120,19408,2,Y,Yes,17,4,3,80,0,0,1,3,0,0,0,0
41,No,Non-Travel,496,Research & Development,4,4,Life Sciences,1,847,1,Female,53,3,2,Research Scientist,3,Married,4370,15775,1,Y,Yes,12,3,1,80,1,21,3,3,1,1,1,1
42,No,Travel_Rarely,477,Human Resources,22,4,Life Sciences,1,848,3,Male,51,2,3,Human Resources,4,Married,7533,15144,2,Y,No,15,3,2,80,0,15,4,1,0,0,0,0
31,No,Travel_Rarely,203,Research & Development,4,4,Life Sciences,1,849,2,Male,78,4,2,Research Scientist,2,Single,4113,16508,3,Y,No,16,3,3,80,1,5,3,2,5,0,4,1
31,Yes,Travel_Frequently,883,Research & Development,7,4,Other,1,850,2,Male,84,3,1,Research Scientist,3,Single,2993,20299,1,Y,Yes,12,3,2,80,0,4,4,2,2,2,2,2
37,No,Travel_Rarely,193,Research & Development,2,1,Life Sciences,1,851,4,Male,84,4,2,Research Director,4,Single,4194,7996,1,Y,No,11,3,1,80,3,7,2,3,4,4,0,4
30,No,Travel_Frequently,512,Sales,12,5,Technical Degree,1,852,3,Female,99,3,4,Sales Representative,4,Divorced,10703,15626,3,Y,Yes,13,3,1,80,0,22,4,4,22,9,2,1
45,No,Travel_Rarely,507,Research & Development,7,4,Medical,1,853,3,Female,64,3,4,Healthcare Representative,4,Married,11824,24305,2,Y,Yes,23,3,1,80,3,3,2,2,3,1,3,1
34,Yes,Travel_Frequently,122,Sales,5,4,Life Sciences,1,854,4,Female,73,3,1,Sales Executive,4,Single,1421,22287,1,Y,Yes,14,4,4,80,0,1,4,2,1,1,0,1
18,Yes,Travel_Rarely,733,Research & Development,26,4,Medical,1,855,4,Male,65,3,5,Manufacturing Director,4,Married,12304,11879,2,Y,No,20,3,3,80,0,22,3,4,5,5,4,1
34,No,Travel_Rarely,120,Research & Development,20,3,Technical Degree,1,856,1,Female,44,3,3,Manager,2,Married,8192,16400,2,Y,Yes,13,3,1,80,2,0,2,4,0,0,0,0
28,No,Travel_Frequently,254,Research & Development,10,4,Technical Degree,1,857,3,Male,74,3,1,Manufacturing Director,2,Divorced,1846,24009,3,Y,No,18,3,3,80,0,27,2,1,8,8,1,5
23,Yes,Travel_Frequently,402,Research & Development,23,3,Life Sciences,1,858,3,Male,91,1,1,Laboratory Technician,1,Single,3196,17111,0,Y,Yes,19,3,2,80,0,4,3,3,4,4,1,1
26,No,Travel_Rarely,514,Research & Development,7,3,Life Sciences,1,859,2,Male,79,3,1,Healthcare Representative,4,Single,3333,11406,2,Y,No,19,4,3,80,0,8,1,3,4,4,4,4
39,No,Travel_Rarely,303,Research & Development,16,1,Life Sciences,1,860,4,Male,42,2,3,Laboratory Technician,4,Divorced,9125,4018,2,Y,No,17,3,3,80,3,2,5,3,1,1,1,1
50,Yes,Travel_Rarely,240,Sales,5,5,Life Sciences,1,861,4,Female,60,4,1,Sales Executive,1,Single,1591,4534,3,Y,Yes,20,4,3,80,0,26,2,3,4,1,1,4
40,No,Travel_Rarely,125,Research & Development,1,2,Medical,1,862,4,Male,34,3,2,Laboratory Technician,3,Single,3586,25491,6,Y,No,17,4,2,80,1,15,2,4,7,0,4,1
32,No,Travel_Rarely,113,Research & Development,29,2,Technical Degree,1,863,2,Male,37,3,1,Healthcare Representative,4,Divorced,2039,5536,1,Y,No,22,3,1,80,1,28,2,1,7,7,0,3
42,No,Travel_Rarely,236,Research & Development,2,3,Life Sciences,1,864,2,Male,42,4,4,Healthcare Representative,4,Married,8548,19685,1,Y,Yes,11,3,4,80,0,13,0,2,1,1,0,1
33,No,Travel_Frequently,1037,Research & Development,3,4,Marketing,1,865,4,Male,70,3,1,Laboratory Technician,3,Single,3347,7676,0,Y,No,16,3,4,80,0,2,3,3,0,0,0,0
31,No,Non-Travel,182,Research & Development,2,3,Medical,1,866,3,Male,46,4,4,Research Scientist,4,Single,8257,10347,1,Y,No,16,3,4,80,3,4,3,3,4,2,3,2
27,No,Travel_Rarely,1480,Research & Development,4,2,Life Sciences,1,867,2,Male,61,3,5,Research Scientist,2,Single,16000,10448,0,Y,No,12,3,1,80,1,7,4,4,1,1,1,1
22,No,Travel_Rarely,1195,Research & Development,3,1,Life Sciences,1,868,4,Female,34,2,1,Research Scientist,2,Single,4444,6741,4,Y,No,17,3,4,80,1,10,0,3,2,2,2,2
34,No,Travel_Rarely,1329,Sales,8,4,Marketing,1,869,2,Male,38,3,2,Sales Executive,3,Divorced,5019,16608,4,Y,No,11,3,4,80,0,29,5,1,10,6,2,1
39,No,Non-Travel,692,Sales,29,5,Technical Degree,1,870,2,Male,63,3,1,Sales Executive,2,Married,3801,25880,1,Y,No,13,3,4,80,0,5,2,3,4,4,1,3
37,No,Travel_Rarely,1093,Research & Development,1,4,Marketing,1,871,4,Male,30,4,4,Manufacturing Director,1,Married,7545,18345,1,Y,Yes,11,3,2,80,1,13,5,3,1,0,1,1
34,No,Travel_Rarely,1404,Research & Development,14,3,Life Sciences,1,872,1,Female,69,3,2,Laboratory Technician,4,Divorced,8785,11369,0,Y,No,21,3,4,80,1,36,1,4,4,4,1,4
29,No,Travel_Frequently,812,Research & Development,1,4,Life Sciences,1,873,1,Male,83,3,1,Laboratory Technician,4,Married,1615,15633,5,Y,No,14,3,1,80,1,2,4,3,2,1,2,2
43,No,Travel_Rarely,1419,Research & Development,1,3,Life Sciences,1,874,2,Male,61,3,1,Research Scientist,4,Single,2319,18716,5,Y,No,23,4,3,80,0,22,3,3,4,4,1,2
26,No,Travel_Rarely,898,Research & Development,9,3,Medical,1,875,3,Male,79,3,2,Manager,2,Married,2216,12901,1,Y,Yes,18,3,2,80,3,6,2,3,6,0,0,2
45,No,Travel_Rarely,1281,Research & Development,19,3,Marketing,1,876,1,Male,88,2,5,Healthcare Representative,3,Divorced,13229,13079,2,Y,No,17,3,4,80,0,15,1,3,2,0,1,2
29,No,Travel_Frequently,832,Sales,2,3,Life Sciences,1,877,3,Male,91,3,3,Sales Representative,2,Divorced,5840,16513,1,Y,No,13,3,4,80,0,4,3,3,4,0,0,3
31,No,Travel_Rarely,378,Sales,4,4,Technical Degree,1,878,3,Female,40,4,4,Sales Executive,1,Single,10152,5880,1,Y,No,11,3,2,80,2,4,0,2,1,1,0,1
24,No,Travel_Rarely,1390,Research & Development,2,3,Medical,1,879,4,Female,52,4,2,Healthcare Representative,3,Married,4184,13398,0,Y,No,17,4,3,80,1,0,3,4,0,0,0,0
33,Yes,Travel_Rarely,150,Research & Development,21,3,Marketing,1,880,2,Male,55,3,1,Laboratory Technician,1,Married,1009,10723,2,Y,No,15,3,1,80,0,39,3,3,9,0,1,2
46,No,Travel_Frequently,711,Research & Development,3,2,Other,1,881,4,Female,92,3,5,Healthcare Representative,1,Divorced,11293,10390,0,Y,No,11,4,3,80,1,18,3,3,2,1,0,2
42,No,Non-Travel,394,Sales,5,1,Life Sciences,1,882,2,Female,75,2,1,Manager,4,Single,2839,16966,0,Y,No,11,3,2,80,0,1,6,4,1,1,1,1
46,No,Travel_Rarely,1146,Research & Development,20,3,Human Resources,1,883,3,Male,98,3,5,Healthcare Representative,1,Married,10578,14763,0,Y,No,12,4,1,80,0,40,2,3,1,0,1,1
42,No,Travel_Frequently,573,Research & Development,7,2,Life Sciences,1,884,3,Male,35,3,2,Research Director,4,Divorced,3877,9354,1,Y,No,22,3,4,80,1,10,2,3,1,1,1,1
28,Yes,Travel_Rarely,1263,Sales,24,2,Life Sciences,1,885,1,Male,80,3,1,Sales Representative,3,Married,3495,12550,3,Y,Yes,23,4,1,80,0,21,2,4,5,2,0,3
35,No,Travel_Rarely,331,Research & Development,23,4,Technical Degree,1,886,4,Male,72,2,3,Laboratory Technician,4,Married,11404,25110,1,Y,No,16,4,3,80,0,1,3,2,1,1,1,1
31,Yes,Travel_Rarely,939,Research & Development,6,4,Human Resources,1,887,2,Female,71,4,5,Research Director,1,Single,13216,26820,5,Y,Yes,16,3,4,80,0,5,5,3,1,1,1,1
50,No,Travel_Rarely,458,Research & Development,8,4,Medical,1,888,1,Female,42,3,5,Laboratory Technician,3,Single,11124,15779,1,Y,No,14,4,4,80,1,12,6,3,12,12,2,1
27,No,Travel_Rarely,642,Research & Development,2,3,Medical,1,889,2,Female,54,3,1,Healthcare Representative,2,Married,1949,3887,1,Y,No,12,3,4,80,0,1,5,3,1,1,1,1
46,No,Travel_Rarely,928,Research & Development,29,4,Marketing,1,890,3,Female,31,2,1,Laboratory Technician,4,Divorced,2547,9050,1,Y,No,20,3,1,80,2,7,4,3,1,1,0,1
46,No,Travel_Rarely,1037,Sales,3,5,Technical Degree,1,891,2,Male,43,2,2,Sales Executive,2,Single,4476,17902,1,Y,No,22,3,4,80,1,6,6,3,2,1,2,0
54,No,Travel_Rarely,1146,Sales,14,4,Life Sciences,1,892,1,Male,46,2,3,Sales Executive,2,Married,8855,14803,0,Y,No,12,4,2,80,0,3,2,3,1,1,1,1
34,No,Travel_Frequently,915,Sales,3,3,Technical Degree,1,893,1,Female,69,3,3,Sales Executive,4,Married,7826,12253,1,Y,Yes,15,3,4,80,1,4,5,4,1,1,1,1
44,No,Travel_Rarely,746,Research & Development,3,3,Medical,1,894,3,Male,68,2,1,Research Scientist,2,Single,3862,26585,5,Y,No,14,3,4,80,2,38,4,2,11,4,0,0
58,No,Travel_Rarely,628,Sales,1,5,Medical,1,895,3,Female,54,4,5,Sales Executive,1,Married,12028,2300,3,Y,Yes,14,3,4,80,1,4,1,3,4,1,0,4
32,No,Travel_Rarely,1123,Research & Development,7,2,Medical,1,896,2,Female,77,4,3,Laboratory Technician,3,Married,9488,4916,5,Y,No,20,4,1,80,0,3,0,3,3,2,3,3
24,No,Travel_Rarely,1230,Research & Development,3,2,Medical,1,897,1,Female,78,3,4,Laboratory Technician,3,Divorced,9750,14059,0,Y,No,11,3,3,80,0,8,2,3,8,8,3,2
21,No,Travel_Rarely,724,Sales,1,3,Other,1,898,3,Female,62,3,2,Sales Executive,2,Married,3543,19978,2,Y,Yes,17,3,4,80,2,12,4,2,3,3,1,1
44,No,Travel_Rarely,952,Research & Development,2,1,Medical,1,899,4,Male,56,3,2,Research Scientist,3,Married,8266,25185,1,Y,No,18,3,4,80,0,14,3,4,1,1,1,1
21,Yes,Travel_Frequently,1461,Research & Development,3,5,Other,1,900,4,Female,74,4,5,Manufacturing Director,1,Single,9763,22799,3,Y,Yes,15,3,1,80,0,15,2,3,2,2,2,2
34,No,Travel_Rarely,525,Research & Development,6,3,Life Sciences,1,901,4,Female,60,4,2,Healthcare Representative,3,Divorced,3892,18059,9,Y,Yes,19,3,4,80,1,0,4,3,0,0,0,0
42,No,Travel_Frequently,724,Research & Development,4,3,Marketing,1,902,1,Male,92,1,4,Research Director,4,Single,9059,16208,4,Y,No,16,3,1,80,0,6,1,3,5,0,2,1
39,No,Travel_Frequently,105,Research & Development,1,4,Technical Degree,1,903,4,Female,67,2,5,Manufacturing Director,3,Married,16262,25311,0,Y,No,20,3,3,80,3,16,4,2,2,2,2,2
41,No,Travel_Rarely,570,Research & Development,7,3,Medical,1,904,2,Male,69,3,3,Research Scientist,3,Single,10210,24727,1,Y,Yes,11,4,3,80,2,26,4,3,5,1,1,5
40,No,Travel_Rarely,765,Research & Development,14,1,Medical,1,905,4,Female,87,3,2,Healthcare Representative,1,Divorced,7241,21625,0,Y,No,14,3,1,80,1,10,6,3,8,3,0,4
49,No,Travel_Frequently,988,Sales,8,3,Medical,1,906,2,Male,94,2,1,Sales Executive,2,Married,2004,6705,0,Y,No,15,3,1,80,2,1,1,4,1,1,1,1
29,No,Travel_Frequently,639,Sales,29,4,Technical Degree,1,907,3,Male,40,3,1,Sales Executive,1,Married,6139,20324,0,Y,No,11,3,4,80,1,6,5,1,6,1,5,5
32,No,Non-Travel,1319,Research & Development,1,3,Technical Degree,1,908,2,Male,44,3,1,Manufacturing Director,3,Single,3053,14568,1,Y,No,11,3,2,80,1,1,2,4,1,1,1,1
31,No,Non-Travel,461,Research & Development,15,4,Life Sciences,1,909,2,Female,86,2,1,Research Scientist,3,Married,3966,10228,1,Y,Yes,12,3,1,80,1,15,2,4,1,1,1,1
45,No,Travel_Rarely,621,Research & Development,6,2,Technical Degree,1,910,4,Male,54,4,1,Manufacturing Director,4,Married,2770,16961,1,Y,Yes,19,3,4,80,0,1,3,4,1,1,1,1
46,No,Travel_Frequently,1198,Research & Development,7,2,Medical,1,911,4,Male,68,1,1,Manufacturing Director,1,Married,2426,24896,1,Y,No,13,4,4,80,3,2,3,3,2,2,2,2
42,No,Travel_Rarely,1203,Research & Development,7,2,Life Sciences,1,912,4,Male,62,3,2,Research Director,3,Single,4622,5813,4,Y,No,12,3,3,80,2,6,6,4,1,0,1,1
48,No,Travel_Rarely,169,Research & Development,4,3,Technical Degree,1,913,3,Female,58,3,2,Research Director,3,Divorced,4686,14320,0,Y,No,18,3,1,80,3,7,3,3,5,2,1,5
27,No,Travel_Frequently,796,Research & Development,4,4,Medical,1,914,3,Male,87,3,1,Research Scientist,3,Divorced,3413,24572,0,Y,Yes,11,3,1,80,1,6,5,1,3,1,1,3
53,No,Non-Travel,1459,Research & Development,9,4,Technical Degree,1,915,1,Male,40,3,1,Research Scientist,4,Single,3051,15029,2,Y,Yes,11,3,4,80,0,7,2,2,7,4,2,4
51,No,Travel_Rarely,186,Research & Development,1,3,Life Sciences,1,916,4,Female,42,3,3,Healthcare Representative,2,Divorced,7453,20543,2,Y,No,14,3,3,80,0,14,2,4,3,3,2,3
44,Yes,Travel_Rarely,180,Research & Development,8,3,Life Sciences,1,917,3,Male,98,4,2,Research Scientist,1,Married,7264,22858,0,Y,No,11,4,3,80,0,5,3,1,5,5,2,5
54,No,Travel_Frequently,1431,Sales,12,4,Medical,1,918,4,Female,50,3,2,Sales Executive,3,Married,1009,17755,5,Y,No,11,3,4,80,0,9,2,3,9,1,4,7
23,Yes,Travel_Rarely,121,Sales,4,2,Life Sciences,1,919,3,Male,32,3,3,Sales Representative,2,Single,8265,13265,1,Y,No,17,3,3,80,0,4,6,2,0,0,0,0
33,No,Travel_Rarely,257,Research & Development,2,2,Marketing,1,920,3,Female,55,3,4,Healthcare Representative,1,Married,11077,15395,1,Y,No,18,3,1,80,1,5,3,3,5,5,1,5
31,No,Travel_Rarely,1242,Sales,2,5,Life Sciences,1,921,4,Male,62,3,2,Sales Executive,2,Married,6720,23223,1,Y,Yes,18,3,4,80,1,10,3,2,6,6,3,6
44,No,Travel_Rarely,981,Research & Development,1,3,Medical,1,922,1,Male,51,4,3,Laboratory Technician,2,Married,7403,16149,1,Y,Yes,19,3,3,80,0,7,4,3,7,2,1,5
28,No,Non-Travel,1040,Sales,1,5,Life Sciences,1,923,2,Female,91,1,5,Sales Executive,3,Married,12812,18415,2,Y,Yes,20,3,3,80,1,14,3,3,5,5,1,5
44,No,Travel_Rarely,129,Sales,2,3,Life Sciences,1,924,1,Male,34,3,4,Sales Executive,1,Married,11479,26663,1,Y,No,11,3,4,80,0,9,0,4,5,2,5,0
50,No,Travel_Rarely,711,Research & Development,1,4,Technical Degree,1,925,4,Female,48,3,2,Research Director,3,Married,7237,8494,1,Y,No,17,3,4,80,1,18,3,3,3,2,2,2
44,No,Travel_Rarely,1075,Research & Development,3,2,Life Sciences,1,926,1,Male,38,2,3,Research Scientist,3,Single,7049,11528,6,Y,No,13,3,3,80,3,6,3,4,2,2,2,2
40,No,Travel_Rarely,1454,Research & Development,3,2,Medical,1,927,1,Male,87,4,1,Laboratory Technician,3,Divorced,2900,12977,1,Y,No,12,3,2,80,1,7,6,3,7,7,3,7
29,No,Travel_Rarely,1489,Research & Development,29,3,Human Resources,1,928,2,Male,53,3,2,Laboratory Technician,4,Married,7518,20882,3,Y,No,17,4,4,80,0,12,0,3,3,3,3,1
30,No,Travel_Rarely,520,Research & Development,29,3,Medical,1,929,3,Female,68,3,5,Healthcare Representative,1,Single,9314,18733,1,Y,No,11,4,3,80,1,3,3,3,0,0,0,0
49,No,Travel_Rarely,123,Research & Development,2,2,Technical Degree,1,930,3,Male,90,3,2,Healthcare Representative,4,Single,3965,8571,1,Y,Yes,11,3,3,80,1,5,1,3,1,1,0,1
45,No,Travel_Frequently,362,Research & Development,2,2,Life Sciences,1,931,1,Male,77,3,4,Research Scientist,3,Married,12199,9629,1,Y,Yes,18,4,3,80,1,11,1,3,11,0,2,6
37,No,Travel_Rarely,161,Sales,6,1,Life Sciences,1,932,4,Male,79,3,2,Sales Executive,4,Divorced,6639,8234,3,Y,No,17,3,3,80,3,0,3,3,0,0,0,0
34,No,Travel_Rarely,1038,Human Resources,1,4,Human Resources,1,933,4,Male,91,1,5,Human Resources,3,Married,13284,24636,3,Y,No,16,4,4,80,0,6,2,3,6,5,6,0
19,No,Travel_Rarely,264,Research & Development,6,3,Marketing,1,934,2,Male,82,3,2,Research Scientist,3,Married,4327,2272,0,Y,No,12,3,3,80,0,10,4,3,10,1,1,5
28,No,Travel_Rarely,1239,Research & Development,5,1,Medical,1,935,4,Female,50,2,1,Healthcare Representative,4,Single,1177,26090,0,Y,Yes,18,3,4,80,0,38,3,2,12,12,1,6
55,No,Travel_Rarely,455,Research & Development,4,2,Medical,1,936,3,Male,67,3,2,Healthcare Representative,4,Married,4113,26417,6,Y,No,18,3,4,80,1,23,2,3,6,2,2,5
26,No,Travel_Rarely,297,Research & Development,16,2,Medical,1,937,2,Female,88,3,1,Research Scientist,2,Divorced,4822,24000,5,Y,No,16,3,4,80,1,4,3,2,1,1,1,1
39,No,Non-Travel,1170,Sales,16,3,Life Sciences,1,938,2,Male,72,3,1,Sales Executive,2,Married,1557,22661,2,Y,No,11,3,4,80,0,8,0,3,1,1,0,1
47,Yes,Travel_Rarely,726,Research & Development,29,1,Technical Degree,1,939,3,Female,46,3,4,Manager,3,Single,10152,8331,2,Y,Yes,14,3,4,80,0,1,4,3,1,1,0,1
26,No,Travel_Rarely,1006,Research & Development,2,4,Medical,1,940,3,Female,98,2,1,Research Scientist,4,Married,1369,23418,4,Y,No,18,3,2,80,1,3,0,4,3,3,3,3
39,No,Travel_Rarely,280,Research & Development,20,1,Medical,1,941,2,Male,73,4,3,Healthcare Representative,2,Single,8764,13752,0,Y,No,20,3,1,80,3,16,0,1,6,1,1,4
46,No,Travel_Rarely,426,Research & Development,7,2,Human Resources,1,942,4,Female,92,1,1,Laboratory Technician,3,Married,1692,2121,3,Y,No,14,3,4,80,0,1,3,2,1,1,0,1
38,No,Travel_Rarely,471,Research & Development,8,4,Life Sciences,1,943,3,Male,52,4,1,Research Scientist,4,Divorced,2354,16415,2,Y,No,14,4,3,80,0,3,6,2,3,2,1,3
60,No,Travel_Rarely,669,Sales,20,4,Life Sciences,1,944,3,Female,97,3,5,Sales Executive,4,Married,9975,16504,3,Y,No,15,3,1,80,1,32,4,3,0,0,0,0
23,Yes,Travel_Rarely,1472,Research & Development,26,1,Technical Degree,1,945,1,Female,55,3,2,Research Scientist,3,Single,2580,10339,0,Y,Yes,16,3,1,80,0,19,2,3,0,0,0,0
47,No,Travel_Rarely,880,Research & Development,12,4,Technical Degree,1,946,3,Male,77,3,2,Manager,3,Divorced,5012,10606,2,Y,No,13,3,1,80,1,17,2,3,9,0,7,3
36,No,Travel_Rarely,1027,Research & Development,4,3,Medical,1,947,2,Male,76,4,2,Research Scientist,4,Married,3012,5724,2,Y,Yes,11,4,4,80,0,22,3,3,2,2,1,2
45,No,Travel_Rarely,216,Sales,6,4,Life Sciences,1,948,3,Male,75,3,2,Sales Executive,3,Married,8158,25381,5,Y,Yes,20,3,4,80,1,15,4,4,7,4,0,1
42,No,Travel_Rarely,458,Sales,9,3,Life Sciences,1,949,4,Male,58,3,4,Sales Executive,4,Married,6908,25251,3,Y,Yes,22,4,2,80,2,1,2,3,1,1,1,1
31,No,Travel_Frequently,1292,Research & Development,16,4,Medical,1,950,4,Male,63,4,3,Research Scientist,2,Married,6300,15635,5,Y,No,13,3,4,80,0,8,2,2,8,2,3,4
40,No,Travel_Rarely,1479,Research & Development,10,5,Life Sciences,1,951,2,Male,39,4,2,Laboratory Technician,3,Married,5025,8015,5,Y,No,11,3,2,80,2,6,1,2,6,6,1,1
21,No,Travel_Rarely,216,Sales,4,2,Technical Degree,1,952,4,Male,49,3,4,Sales Executive,2,Married,9452,2425,1,Y,No,15,3,4,80,3,4,1,3,4,1,1,4
43,No,Non-Travel,899,Research & Development,5,3,Other,1,953,4,Female,63,4,1,Manufacturing Director,2,Married,1009,3811,0,Y,No,15,3,3,80,0,20,3,3,7,0,4,3
40,No,Travel_Rarely,424,Sales,1,3,Technical Degree,1,954,3,Male,42,3,2,Sales Executive,4,Single,3563,2410,2,Y,No,19,3,4,80,0,7,1,3,1,0,1,1
43,No,Travel_Rarely,143,Research & Development,23,1,Life Sciences,1,955,1,Male,39,2,5,Research Scientist,3,Divorced,11014,24722,5,Y,Yes,15,3,2,80,2,1,2,3,1,1,1,1
47,No,Travel_Rarely,1244,Research & Development,1,1,Technical Degree,1,956,3,Female,74,3,2,Research Director,3,Married,4570,16677,0,Y,No,12,3,2,80,1,4,2,3,4,0,2,0
41,No,Travel_Rarely,675,Research & Development,8,2,Life Sciences,1,957,1,Male,37,3,4,Laboratory Technician,2,Single,12928,5645,2,Y,No,11,3,4,80,0,3,2,4,3,3,1,3
39,No,Travel_Rarely,542,Research & Development,18,3,Life Sciences,1,958,4,Male,34,3,3,Manager,3,Married,7617,8192,0,Y,No,18,3,1,80,0,24,0,2,5,2,2,2
30,No,Travel_Rarely,1314,Research & Development,5,3,Life Sciences,1,959,3,Male,49,3,4,Research Scientist,3,Divorced,11774,5011,0,Y,Yes,17,3,4,80,1,11,3,3,1,1,1,1
31,No,Travel_Frequently,386,Sales,14,3,Life Sciences,1,960,3,Female,73,3,5,Manager,3,Divorced,13260,9886,3,Y,No,19,3,3,80,0,9,5,3,9,4,0,4
48,Yes,Travel_Frequently,205,Research & Development,15,1,Human Resources,1,961,1,Female,87,1,1,Healthcare Representative,2,Married,4171,10433,3,Y,Yes,12,3,3,80,1,8,0,1,2,1,2,2
51,No,Travel_Rarely,670,Research & Development,1,3,Life Sciences,1,962,3,Male,49,4,1,Manufacturing Director,4,Single,1009,17442,2,Y,Yes,22,3,3,80,1,12,3,3,12,6,0,3
35,No,Travel_Rarely,558,Research & Development,5,5,Life Sciences,1,963,4,Female,69,3,2,Manager,4,Married,4543,16304,5,Y,No,11,3,1,80,2,15,4,3,7,4,1,1
38,No,Travel_Rarely,412,Research & Development,11,3,Other,1,964,1,Male,45,4,3,Research Scientist,2,Single,9461,25941,0,Y,Yes,18,3,3,80,1,9,2,3,3,3,2,1
29,No,Non-Travel,1290,Research & Development,5,3,Life Sciences,1,965,3,Female,33,4,1,Manager,2,Divorced,1642,12018,0,Y,No,11,3,4,80,1,31,1,3,0,0,0,0
48,No,Travel_Rarely,508,Research & Development,7,4,Technical Degree,1,966,4,Female,39,4,1,Research Scientist,3,Single,5144,9668,5,Y,No,12,4,2,80,1,40,0,3,2,2,1,2
44,No,Travel_Rarely,946,Sales,8,4,Life Sciences,1,967,3,Female,80,3,1,Sales Executive,3,Single,4726,4722,2,Y,Yes,21,3,4,80,0,40,3,3,15,4,3,2
55,No,Travel_Rarely,682,Research & Development,1,3,Life Sciences,1,968,3,Male,77,2,5,Research Scientist,4,Married,11796,23051,1,Y,No,18,3,3,80,1,12,3,3,12,12,0,1
30,No,Travel_Rarely,1183,Research & Development,5,4,Human Resources,1,969,3,Male,49,3,3,Healthcare Representative,3,Married,6745,16205,3,Y,No,13,3,3,80,1,30,2,3,6,0,2,0
34,No,Travel_Rarely,820,Research & Development,1,3,Life Sciences,1,970,3,Male,61,2,2,Laboratory Technician,3,Divorced,3480,26526,6,Y,Yes,13,3,2,80,2,6,4,3,4,4,4,4
40,No,Non-Travel,698,Sales,1,4,Medical,1,971,1,Female,95,3,1,Sales Executive,3,Married,1556,14304,3,Y,No,16,3,3,80,1,22,3,3,7,7,5,2
43,No,Travel_Rarely,1376,Sales,6,2,Life Sciences,1,972,1,Male,89,3,2,Sales Executive,2,Single,3151,17312,4,Y,No,17,3,4,80,1,26,2,1,4,0,2,1
36,Yes,Travel_Rarely,1345,Sales,8,2,Life Sciences,1,973,3,Female,40,1,1,Sales Representative,1,Single,3143,3303,1,Y,No,20,3,2,80,0,26,4,4,7,4,1,5
30,No,Travel_Rarely,1285,Research & Development,1,1,Life Sciences,1,974,4,Female,49,4,1,Research Director,3,Married,1009,18647,1,Y,No,14,3,3,80,2,20,2,3,3,3,0,1
46,Yes,Travel_Rarely,288,Research & Development,13,4,Life Sciences,1,975,1,Male,52,4,4,Research Scientist,1,Single,10906,11853,5,Y,Yes,11,3,3,80,0,6,3,3,6,3,1,3
44,No,Travel_Rarely,997,Research & Development,4,3,Life Sciences,1,976,2,Female,64,3,5,Research Scientist,4,Married,13442,22874,2,Y,No,16,3,3,80,3,2,1,4,2,0,2,1
29,No,Travel_Rarely,565,Research & Development,23,2,Marketing,1,977,2,Female,46,3,1,Laboratory Technician,4,Married,1009,17117,1,Y,No,14,3,3,80,0,4,3,3,3,3,0,3
50,No,Non-Travel,431,Research & Development,4,2,Medical,1,978,4,Female,39,3,1,Laboratory Technician,4,Married,4825,21913,2,Y,No,11,3,3,80,0,16,2,3,12,0,7,1
48,No,Travel_Rarely,450,Research & Development,1,4,Life Sciences,1,979,2,Female,67,4,1,Laboratory Technician,4,Divorced,3270,3971,3,Y,Yes,16,3,1,80,2,3,3,3,3,3,3,2
39,No,Travel_Rarely,601,Research & Development,13,4,Medical,1,980,4,Female,61,3,2,Research Scientist,3,Divorced,6125,22530,1,Y,Yes,14,3,4,80,2,7,1,3,1,0,0,1
38,No,Travel_Rarely,591,Research & Development,8,3,Other,1,981,1,Male,83,3,1,Research Scientist,4,Divorced,1362,5129,3,Y,Yes,16,3,4,80,1,9,3,4,1,1,1,1
43,Yes,Travel_Rarely,1106,Sales,4,3,Human Resources,1,982,4,Female,86,3,1,Manager,1,Single,3434,5342,0,Y,Yes,12,3,1,80,0,10,1,3,8,1,3,4
30,No,Travel_Rarely,381,Research & Development,4,3,Marketing,1,983,3,Male,54,3,1,Healthcare Representative,1,Single,4190,22351,1,Y,No,17,3,3,80,2,30,1,2,14,4,1,2
38,No,Non-Travel,956,Research & Development,1,3,Technical Degree,1,984,3,Female,43,4,3,Research Scientist,4,Single,7352,12477,3,Y,No,11,3,4,80,1,12,2,3,12,12,2,0
18,No,Travel_Rarely,1289,Sales,4,4,Life Sciences,1,985,2,Female,74,2,3,Sales Executive,1,Divorced,10503,10808,0,Y,Yes,12,3,4,80,1,17,0,4,7,1,1,4
45,No,Travel_Rarely,1106,Research & Development,1,2,Life Sciences,1,986,4,Male,73,2,3,Laboratory Technician,4,Divorced,7566,5646,1,Y,No,14,3,4,80,2,10,4,3,1,1,0,1
24,No,Travel_Frequently,499,Sales,6,3,Medical,1,987,1,Female,67,4,2,Sales Executive,3,Divorced,6711,24083,5,Y,No,22,3,4,80,1,20,6,3,1,1,1,1
51,No,Travel_Rarely,1193,Research & Development,20,3,Medical,1,988,1,Male,65,4,4,Healthcare Representative,4,Single,10440,4800,3,Y,No,18,3,1,80,0,3,4,3,3,3,3,3
35,No,Travel_Rarely,529,Research & Development,14,3,Medical,1,989,3,Male,68,4,5,Research Scientist,2,Divorced,13378,18313,2,Y,Yes,19,3,4,80,1,3,4,3,3,3,1,3
36,No,Travel_Rarely,476,Sales,1,3,Life Sciences,1,990,4,Male,68,3,1,Sales Executive,3,Married,1009,4626,1,Y,No,20,3,4,80,1,29,0,3,23,2,2,2
32,No,Travel_Frequently,1117,Sales,19,3,Other,1,991,4,Female,42,3,1,Manager,1,Single,3057,19299,1,Y,No,25,3,2,80,2,13,1,3,2,2,1,2
35,No,Travel_Frequently,733,Sales,5,2,Technical Degree,1,992,3,Female,95,3,2,Manager,4,Married,3898,5602,2,Y,No,15,3,3,80,0,12,3,3,10,1,5,1
50,No,Travel_Rarely,1090,Research & Development,2,3,Medical,1,993,3,Female,63,2,1,Healthcare Representative,1,Single,1230,18672,0,Y,No,20,3,3,80,2,7,6,3,6,2,4,2
18,No,Travel_Rarely,798,Research & Development,13,2,Marketing,1,994,1,Male,44,3,2,Healthcare Representative,3,Married,7616,18943,2,Y,No,19,3,3,80,2,5,3,3,0,0,0,0
49,No,Travel_Rarely,1029,Research & Development,4,2,Life Sciences,1,995,4,Female,87,1,2,Healthcare Representative,2,Married,4679,5119,1,Y,No,19,3,2,80,0,9,2,3,5,5,5,5
41,Yes,Travel_Rarely,179,Research & Development,3,1,Life Sciences,1,996,4,Female,88,3,2,Laboratory Technician,1,Married,3495,26623,2,Y,Yes,22,4,1,80,0,1,1,3,1,1,0,1
27,No,Travel_Rarely,589,Sales,2,4,Life Sciences,1,997,3,Male,95,4,1,Sales Executive,3,Married,1961,17613,0,Y,No,14,3,1,80,1,7,1,2,2,2,0,2
28,Yes,Travel_Rarely,1295,Research & Development,6,3,Life Sciences,1,998,3,Male,81,3,2,Laboratory Technician,1,Divorced,3049,4631,0,Y,Yes,13,3,3,80,1,7,2,3,7,2,2,1
53,No,Non-Travel,1163,Sales,1,3,Life Sciences,1,999,4,Male,98,4,5,Sales Executive,4,Married,14651,2193,8,Y,No,16,3,2,80,1,9,3,3,2,2,1,1
29,No,Travel_Rarely,668,Research & Development,14,4,Technical Degree,1,1000,4,Female,34,3,1,Healthcare Representative,2,Married,1456,10401,9,Y,No,15,3,4,80,2,11,0,3,1,1,1,1
27,No,Travel_Rarely,1052,Research & Development,6,4,Life Sciences,1,1001,3,Female,72,3,3,Laboratory Technician,2,Divorced,8294,24192,1,Y,No,16,3,1,80,1,35,4,3,1,1,1,1
48,No,Travel_Rarely,1415,Research & Development,5,3,Medical,1,1002,2,Female,37,3,1,Manager,3,Divorced,4534,12396,4,Y,No,21,3,4,80,1,12,5,2,12,4,0,3
41,No,Travel_Rarely,659,Sales,1,3,Life Sciences,1,1003,3,Male,92,3,1,Manager,2,Single,1750,8369,3,Y,No,13,4,4,80,0,24,4,3,4,4,1,2
29,Yes,Travel_Rarely,272,Sales,15,3,Life Sciences,1,1004,3,Female,97,3,2,Sales Representative,2,Married,5798,11557,0,Y,Yes,14,3,4,80,0,9,5,3,9,1,1,9
40,Yes,Travel_Frequently,743,Sales,6,3,Technical Degree,1,1005,3,Male,64,4,1,Sales Executive,4,Single,1009,16824,1,Y,Yes,16,3,4,80,1,11,0,3,5,5,1,1
28,Yes,Travel_Frequently,393,Sales,5,3,Medical,1,1006,2,Male,61,1,1,Manager,1,Single,6169,21168,1,Y,No,14,3,1,80,1,1,6,3,1,1,0,1
48,No,Travel_Rarely,682,Sales,13,4,Other,1,1007,3,Female,53,4,1,Sales Executive,1,Married,3905,3528,2,Y,No,11,3,3,80,1,2,2,3,2,1,0,2
47,No,Travel_Rarely,523,Sales,1,4,Other,1,1008,3,Male,79,2,2,Sales Representative,2,Divorced,4711,3996,2,Y,No,13,3,1,80,1,10,4,4,4,4,4,4
42,Yes,Travel_Frequently,206,Research & Development,4,2,Life Sciences,1,1009,3,Female,88,4,3,Laboratory Technician,3,Single,6341,5117,6,Y,Yes,18,3,4,80,1,6,2,2,6,6,5,6
41,Yes,Travel_Rarely,667,Research & Development,8,2,Life Sciences,1,1010,2,Male,94,3,1,Manufacturing Director,3,Divorced,2329,15833,4,Y,Yes,21,4,2,80,0,18,2,3,1,1,0,1
53,No,Travel_Rarely,981,Research & Development,6,3,Technical Degree,1,1011,4,Female,67,4,3,Research Scientist,2,Divorced,6990,25535,5,Y,Yes,11,3,3,80,1,9,0,4,7,5,1,1
38,No,Travel_Rarely,976,Human Resources,2,3,Other,1,1012,3,Male,67,3,1,Manager,4,Divorced,5429,8907,6,Y,Yes,11,3,4,80,1,24,0,3,8,0,2,2
27,No,Travel_Rarely,349,Sales,3,1,Medical,1,1013,1,Male,50,2,2,Manager,1,Single,3162,17779,4,Y,No,15,3,4,80,1,39,5,4,16,9,7,2
42,No,Travel_Rarely,1028,Research & Development,3,4,Technical Degree,1,1014,2,Male,52,4,2,Laboratory Technician,3,Divorced,5202,24540,1,Y,Yes,11,3,4,80,1,2,4,2,2,2,1,0
56,No,Travel_Frequently,410,Sales,29,2,Technical Degree,1,1015,4,Male,75,2,3,Sales Executive,2,Married,7472,21071,1,Y,No,14,3,3,80,1,6,3,3,6,2,4,6
28,No,Travel_Rarely,1498,Sales,4,5,Life Sciences,1,1016,4,Female,98,2,5,Manager,3,Married,12324,8612,2,Y,No,11,3,3,80,0,12,3,3,4,1,2,0
34,No,Travel_Rarely,1231,Research & Development,2,4,Medical,1,1017,2,Male,59,3,5,Research Scientist,4,Single,12337,7033,3,Y,No,20,3,3,80,0,4,4,1,3,1,3,3
41,No,Travel_Rarely,416,Research & Development,16,4,Technical Degree,1,1018,4,Female,69,2,1,Research Director,3,Single,2326,6487,1,Y,No,12,3,1,80,0,3,2,3,1,0,0,1
37,No,Travel_Rarely,710,Sales,5,2,Marketing,1,1019,1,Female,99,2,4,Sales Executive,4,Married,11310,9233,5,Y,No,21,3,4,80,1,18,4,3,1,1,1,1
29,No,Travel_Rarely,1046,Research & Development,5,2,Life Sciences,1,1020,4,Male,98,3,1,Research Scientist,2,Married,3413,16922,8,Y,No,19,3,3,80,0,40,3,3,13,1,1,3
48,No,Travel_Rarely,640,Sales,7,3,Life Sciences,1,1021,2,Male,71,4,5,Sales Executive,1,Single,13128,9318,2,Y,No,13,4,1,80,0,16,3,4,10,0,7,5
58,Yes,Travel_Rarely,173,Research & Development,8,2,Life Sciences,1,1022,1,Female,47,2,1,Laboratory Technician,1,Single,1009,21404,2,Y,Yes,11,3,4,80,3,8,5,2,3,2,1,1
39,No,Travel_Rarely,479,Sales,8,3,Life Sciences,1,1023,3,Female,88,3,2,Sales Representative,3,Married,5450,13499,5,Y,No,14,4,3,80,1,6,3,3,6,3,2,6
29,No,Travel_Rarely,1310,Human Resources,1,3,Human Resources,1,1024,2,Female,42,3,1,Human Resources,2,Single,1009,8956,0,Y,No,15,3,4,80,0,9,2,3,1,1,1,1
24,No,Travel_Rarely,235,Sales,15,2,Life Sciences,1,1025,3,Male,50,4,1,Sales Executive,1,Divorced,3469,12952,0,Y,No,16,3,4,80,1,7,5,3,7,0,3,7
40,No,Travel_Frequently,1299,Research & Development,2,2,Life Sciences,1,1026,4,Female,97,4,3,Research Scientist,3,Single,9712,8098,5,Y,No,12,3,4,80,1,8,5,3,8,1,2,1
48,No,Travel_Rarely,494,Sales,3,4,Life Sciences,1,1027,4,Male,90,3,5,Sales Executive,2,Single,11111,3920,3,Y,No,18,3,1,80,1,3,6,3,3,3,1,2
42,No,Non-Travel,1189,Sales,2,2,Medical,1,1028,3,Female,67,3,2,Manager,1,Married,4607,25030,1,Y,No,16,3,2,80,1,26,3,1,3,0,3,3
38,No,Non-Travel,1097,Research & Development,13,1,Medical,1,1029,3,Female,69,3,3,Manager,2,Married,6601,17531,5,Y,No,14,3,4,80,0,15,2,3,10,3,7,6
32,No,Travel_Rarely,516,Sales,8,3,Life Sciences,1,1030,1,Male,56,2,3,Sales Executive,4,Married,9353,3119,1,Y,No,13,3,4,80,0,13,2,4,4,1,0,4
28,Yes,Travel_Rarely,504,Research & Development,13,5,Life Sciences,1,1031,1,Male,87,3,1,Manufacturing Director,2,Married,2643,2879,3,Y,No,15,3,3,80,0,33,0,3,13,1,2,1
45,No,Travel_Rarely,1238,Research & Development,10,3,Life Sciences,1,1032,3,Male,95,4,1,Manufacturing Director,4,Divorced,5092,14416,3,Y,No,12,3,3,80,0,4,3,3,4,2,4,1
46,No,Travel_Rarely,166,Research & Development,1,2,Medical,1,1033,1,Male,72,3,1,Healthcare Representative,3,Married,3121,20278,1,Y,No,15,3,1,80,1,1,2,2,1,0,1,1
24,No,Non-Travel,967,Research & Development,3,3,Life Sciences,1,1034,4,Female,49,1,2,Manager,3,Single,5364,7280,1,Y,No,16,4,4,80,0,19,3,2,1,1,1,1
52,No,Travel_Rarely,502,Research & Development,6,4,Other,1,1035,3,Male,64,3,1,Laboratory Technician,2,Married,2602,9330,6,Y,No,16,3,2,80,1,40,5,2,6,2,5,3
43,No,Travel_Rarely,391,Sales,3,4,Medical,1,1036,2,Male,84,3,1,Sales Executive,2,Divorced,3727,17677,1,Y,No,22,4,2,80,1,10,5,3,6,2,3,2
50,No,Travel_Rarely,1440,Research & Development,2,3,Life Sciences,1,1037,3,Male,69,3,1,Research Director,3,Single,1009,8695,0,Y,No,15,3,3,80,0,1,0,4,1,1,1,1
26,Yes,Travel_Rarely,1214,Sales,18,3,Marketing,1,1038,1,Female,75,3,1,Sales Executive,2,Single,2628,21875,2,Y,No,19,4,2,80,0,17,2,3,8,0,7,2
25,No,Travel_Rarely,860,Research & Development,12,3,Life Sciences,1,1039,3,Female,71,3,4,Research Director,2,Married,9895,3320,0,Y,Yes,16,3,4,80,0,1,4,2,1,1,1,1
36,Yes,Travel_Rarely,945,Research & Development,4,1,Medical,1,1040,4,Male,47,2,1,Research Director,1,Married,3588,4734,6,Y,Yes,14,3,1,80,0,9,3,2,9,7,4,1
42,No,Travel_Rarely,762,Research & Development,13,4,Life Sciences,1,1041,3,Male,44,4,2,Laboratory Technician,4,Married,4718,23528,0,Y,No,15,3,1,80,1,4,4,3,2,2,0,2
54,No,Travel_Rarely,458,Sales,9,4,Medical,1,1042,1,Female,95,3,2,Manager,3,Single,3442,5743,2,Y,No,15,3,3,80,2,27,4,3,12,2,1,4
44,No,Travel_Rarely,979,Research & Development,1,5,Marketing,1,1043,4,Female,42,2,2,Research Scientist,3,Single,5011,16726,1,Y,No,16,3,3,80,1,7,2,3,1,1,1,1
35,No,Travel_Rarely,1099,Research & Development,4,2,Other,1,1044,1,Male,86,3,1,Research Scientist,3,Married,1009,24389,4,Y,Yes,12,3,1,80,1,25,2,3,7,1,3,2
28,No,Travel_Frequently,853,Sales,3,1,Life Sciences,1,1045,4,Male,38,4,1,Sales Executive,4,Single,1009,7731,2,Y,No,11,3,3,80,0,4,3,3,4,1,1,2
49,No,Travel_Frequently,850,Research & Development,2,3,Life Sciences,1,1046,3,Male,95,4,1,Research Director,3,Married,3591,5297,1,Y,Yes,18,3,3,80,1,5,3,2,1,0,0,1
29,No,Travel_Rarely,466,Research & Development,3,4,Medical,1,1047,3,Male,45,3,2,Laboratory Technician,3,Married,5869,12086,9,Y,Yes,19,3,4,80,1,32,2,2,13,12,1,3
52,Yes,Travel_Rarely,368,Research & Development,26,4,Other,1,1048,4,Male,31,1,1,Research Scientist,4,Single,3201,9329,0,Y,Yes,18,3,1,80,0,2,4,1,2,2,2,2
35,No,Travel_Rarely,507,Sales,6,2,Human Resources,1,1049,4,Female,45,1,2,Sales Representative,4,Divorced,6954,9387,2,Y,No,16,3,4,80,2,10,5,2,5,5,5,1
52,Yes,Travel_Rarely,240,Research & Development,17,2,Life Sciences,1,1050,1,Male,30,3,3,Manufacturing Director,1,Divorced,6502,11702,9,Y,Yes,18,3,3,80,0,5,2,2,3,1,3,2
44,Yes,Non-Travel,1290,Sales,2,3,Life Sciences,1,1051,2,Female,55,3,2,Sales Representative,1,Married,2853,26328,3,Y,Yes,18,3,1,80,1,16,5,3,4,4,1,2
36,No,Travel_Rarely,767,Research & Development,2,3,Medical,1,1052,4,Male,73,3,2,Laboratory Technician,4,Single,4895,26333,3,Y,No,18,4,1,80,1,2,3,3,2,2,1,1
33,Yes,Travel_Rarely,1231,Sales,20,4,Life Sciences,1,1053,1,Female,34,3,2,Sales Executive,4,Single,4479,24416,0,Y,Yes,12,3,3,80,2,6,4,3,2,2,1,1
35,No,Travel_Frequently,1274,Sales,6,3,Life Sciences,1,1054,3,Female,50,3,4,Sales Executive,3,Married,8737,4055,0,Y,No,11,3,2,80,2,13,1,3,6,3,1,4
41,No,Travel_Rarely,286,Human Resources,20,4,Life Sciences,1,1055,4,Male,64,1,1,Manager,3,Single,2380,9041,0,Y,No,14,3,2,80,3,6,2,3,1,1,1,1
38,No,Travel_Rarely,884,Research & Development,1,3,Medical,1,1056,3,Male,83,2,3,Research Scientist,3,Divorced,6583,2937,9,Y,No,15,3,2,80,1,1,2,3,1,1,1,1
32,No,Travel_Rarely,972,Sales,22,4,Other,1,1057,4,Female,79,3,3,Sales Executive,3,Single,4746,18471,9,Y,No,14,3,3,80,1,13,2,4,10,2,0,0
36,No,Travel_Rarely,804,Research & Development,5,3,Other,1,1058,4,Male,73,2,2,Manager,3,Married,4338,22618,1,Y,No,11,3,3,80,0,8,1,3,3,2,1,1
38,No,Travel_Rarely,1008,Research & Development,2,4,Life Sciences,1,1059,4,Male,33,2,1,Laboratory Technician,1,Married,1009,19602,1,Y,No,22,3,1,80,1,0,4,3,0,0,0,0
18,No,Travel_Rarely,302,Research & Development,10,2,Medical,1,1060,4,Male,71,3,2,Manager,4,Married,5347,25040,0,Y,No,14,3,3,80,2,10,2,3,5,2,0,3
42,No,Travel_Rarely,719,Sales,14,3,Technical Degree,1,1061,3,Female,70,3,1,Sales Representative,4,Single,1516,23189,1,Y,No,16,3,4,80,0,28,5,2,5,5,1,4
29,No,Travel_Rarely,321,Human Resources,1,2,Life Sciences,1,1062,3,Male,65,3,1,Manager,3,Married,4167,12595,1,Y,No,20,3,1,80,0,1,3,4,0,0,0,0
27,Yes,Travel_Rarely,958,Sales,29,3,Marketing,1,1063,3,Female,53,3,1,Sales Executive,2,Single,4906,19242,3,Y,No,11,3,4,80,0,10,1,2,10,3,1,7
22,Yes,Travel_Rarely,1113,Research & Development,11,3,Life Sciences,1,1064,4,Male,34,3,1,Laboratory Technician,1,Divorced,3519,11986,5,Y,No,13,4,3,80,0,14,3,3,1,1,1,1
21,Yes,Travel_Frequently,1154,Research & Development,3,2,Life Sciences,1,1065,4,Female,86,3,2,Manufacturing Director,3,Single,2673,12625,3,Y,No,14,3,4,80,0,1,6,3,1,1,1,1
25,Yes,Travel_Rarely,165,Sales,1,5,Life Sciences,1,1066,2,Male,96,3,4,Sales Representative,3,Divorced,12258,24053,3,Y,Yes,14,4,1,80,0,0,3,2,0,0,0,0
31,No,Travel_Frequently,1038,Research & Development,4,2,Life Sciences,1,1067,2,Female,40,4,1,Manufacturing Director,3,Divorced,4864,9497,4,Y,No,15,3,4,80,0,7,0,2,4,4,2,0
55,No,Travel_Rarely,1221,Research & Development,2,4,Marketing,1,1068,4,Male,74,2,5,Laboratory Technician,2,Single,12528,23107,3,Y,No,21,3,3,80,0,17,5,1,7,1,2,1
33,No,Travel_Rarely,641,Research & Development,6,5,Life Sciences,1,1069,3,Female,51,2,5,Manufacturing Director,3,Divorced,14484,3698,2,Y,Yes,18,3,3,80,0,2,2,3,2,2,2,0
39,No,Travel_Rarely,611,Research & Development,14,1,Life Sciences,1,1070,1,Female,40,3,5,Manufacturing Director,4,Single,11672,11555,1,Y,No,19,3,3,80,2,20,3,3,1,1,1,1
41,No,Travel_Rarely,1465,Research & Development,10,4,Life Sciences,1,1071,3,Male,67,4,4,Healthcare Representative,1,Divorced,7201,14956,1,Y,Yes,15,3,1,80,1,12,3,3,5,3,0,1
39,No,Travel_Frequently,352,Research & Development,5,2,Technical Degree,1,1072,4,Male,88,4,2,Manufacturing Director,3,Married,3860,14618,3,Y,Yes,11,3,4,80,1,4,2,2,4,1,1,3
37,No,Travel_Rarely,1404,Research & Development,1,1,Medical,1,1073,4,Male,33,3,1,Research Director,4,Single,5094,13688,8,Y,No,11,3,3,80,1,8,2,3,4,1,1,2
27,No,Travel_Rarely,140,Research & Development,28,3,Medical,1,1074,4,Male,96,3,2,Healthcare Representative,3,Married,2763,8600,2,Y,Yes,11,3,1,80,0,37,5,4,1,1,1,1
51,No,Travel_Rarely,170,Human Resources,3,5,Medical,1,1075,2,Female,39,3,2,Human Resources,3,Single,4999,2624,6,Y,No,17,3,1,80,2,3,5,2,3,0,0,1
54,No,Travel_Rarely,378,Research & Development,3,1,Medical,1,1076,4,Male,48,4,4,Research Scientist,3,Divorced,10051,4884,0,Y,Yes,15,3,1,80,3,8,3,3,2,2,2,2
22,No,Travel_Rarely,1245,Research & Development,9,3,Life Sciences,1,1077,3,Male,57,3,5,Laboratory Technician,4,Single,11731,19730,4,Y,No,14,3,3,80,0,11,2,4,1,1,0,1
28,No,Travel_Rarely,1211,Sales,13,3,Marketing,1,1078,4,Female,46,4,2,Sales Executive,1,Married,4335,6035,5,Y,No,14,3,3,80,0,2,1,2,2,1,2,2
35,No,Non-Travel,278,Research & Development,29,4,Life Sciences,1,1079,2,Male,53,3,1,Research Scientist,3,Married,2608,24106,2,Y,No,23,3,3,80,1,0,1,3,0,0,0,0
29,Yes,Travel_Rarely,1072,Sales,29,1,Life Sciences,1,1080,1,Male,30,3,1,Sales Executive,1,Divorced,1657,14508,7,Y,No,12,4,2,80,0,0,3,2,0,0,0,0
42,Yes,Travel_Frequently,707,Sales,22,4,Marketing,1,1081,3,Male,34,4,1,Sales Executive,1,Single,1009,18335,2,Y,Yes,19,3,3,80,2,4,2,4,4,4,4,0
31,No,Non-Travel,1217,Research & Development,5,4,Life Sciences,1,1082,2,Female,61,2,2,Laboratory Technician,2,Married,5323,12150,1,Y,No,15,4,3,80,1,1,0,4,1,1,0,1
57,No,Travel_Rarely,182,Research & Development,2,4,Life Sciences,1,1083,4,Female,82,4,2,Manufacturing Director,1,Married,6610,23711,1,Y,No,15,3,1,80,0,18,3,3,18,7,3,0
48,No,Travel_Rarely,442,Sales,8,5,Medical,1,1084,4,Female,86,3,4,Manager,4,Married,11304,24864,2,Y,No,20,3,2,80,0,40,4,3,12,2,1,10
40,No,Travel_Rarely,522,Sales,1,4,Medical,1,1085,4,Male,72,4,2,Sales Executive,4,Single,3785,11454,6,Y,No,21,3,1,80,1,1,4,3,1,1,1,1
47,No,Travel_Rarely,329,Research & Development,2,1,Marketing,1,1086,4,Female,68,3,4,Manager,2,Single,8123,7886,0,Y,No,14,3,4,80,0,6,3,2,0,0,0,0
48,No,Travel_Rarely,574,Research & Development,1,3,Medical,1,1087,3,Male,63,3,2,Healthcare Representative,3,Single,4574,20964,2,Y,No,18,3,4,80,2,0,3,4,0,0,0,0
33,No,Travel_Rarely,189,Research & Development,2,3,Medical,1,1088,4,Male,34,3,4,Research Scientist,3,Married,12352,17791,4,Y,No,17,3,4,80,0,2,2,4,0,0,0,0
30,No,Travel_Rarely,1475,Human Resources,6,3,Marketing,1,1089,4,Male,47,3,1,Human Resources,4,Single,3468,12741,0,Y,No,15,3,2,80,3,4,3,3,2,2,0,1
38,No,Travel_Rarely,291,Research & Development,4,3,Life Sciences,1,1090,4,Male,33,3,4,Research Scientist,3,Married,11056,17018,0,Y,Yes,16,3,4,80,0,6,3,3,6,2,0,1
45,No,Travel_Rarely,968,Sales,4,3,Life Sciences,1,1091,3,Male,99,4,3,Sales Representative,1,Single,8835,17621,1,Y,No,13,4,3,80,1,31,3,2,1,1,1,1
39,No,Travel_Rarely,1082,Research & Development,16,3,Medical,1,1092,3,Male,40,3,1,Manufacturing Director,4,Divorced,3131,21321,1,Y,Yes,14,4,3,80,0,6,2,3,6,4,3,4
23,No,Travel_Rarely,1082,Research & Development,10,5,Life Sciences,1,1093,4,Male,76,3,1,Laboratory Technician,4,Divorced,2681,9883,1,Y,No,13,3,2,80,0,8,3,3,8,3,2,0
30,No,Travel_Frequently,237,Research & Development,25,1,Other,1,1094,2,Male,60,4,4,Laboratory Technician,3,Married,10993,14097,1,Y,Yes,19,3,4,80,1,3,5,3,3,3,2,3
37,No,Travel_Rarely,1450,Research & Development,5,5,Technical Degree,1,1095,4,Female,42,3,1,Research Scientist,4,Married,1681,21716,0,Y,No,15,3,4,80,0,0,3,3,0,0,0,0
37,No,Travel_Frequently,141,Research & Development,3,3,Life Sciences,1,1096,4,Male,52,3,2,Research Scientist,4,Single,2878,26178,2,Y,No,11,3,2,80,0,25,3,1,2,2,0,2
55,Yes,Travel_Rarely,1412,Research & Development,1,3,Life Sciences,1,1097,3,Female,94,2,1,Laboratory Technician,3,Single,3584,7378,3,Y,Yes,13,3,1,80,0,1,4,3,1,1,1,0
25,No,Travel_Rarely,357,Research & Development,10,4,Life Sciences,1,1098,4,Male,97,4,3,Research Scientist,3,Single,9357,4783,3,Y,No,11,3,3,80,1,37,1,4,3,1,3,3
42,No,Non-Travel,1048,Sales,17,3,Life Sciences,1,1099,4,Female,59,3,4,Sales Representative,4,Married,8323,13619,2,Y,No,13,3,4,80,1,2,3,4,2,2,2,0
51,No,Travel_Rarely,640,Research & Development,2,3,Life Sciences,1,1100,3,Male,60,3,2,Research Director,2,Married,6233,16993,8,Y,No,15,3,4,80,1,10,5,3,1,1,1,1
58,No,Travel_Rarely,1416,Research & Development,19,3,Medical,1,1101,3,Male,76,4,2,Research Scientist,2,Divorced,7521,5426,5,Y,No,15,3,2,80,0,40,2,3,9,0,0,7
34,No,Travel_Rarely,1441,Human Resources,7,3,Technical Degree,1,1102,4,Male,45,3,5,Manager,1,Married,12497,19676,8,Y,Yes,23,3,3,80,0,2,2,2,2,2,0,2
42,No,Travel_Frequently,959,Sales,1,5,Marketing,1,1103,3,Female,72,2,3,Sales Executive,4,Married,6273,9048,1,Y,No,17,3,2,80,0,6,3,4,0,0,0,0
43,No,Travel_Rarely,233,Sales,9,4,Life Sciences,1,1104,1,Female,32,3,4,Sales Executive,4,Married,10185,9357,5,Y,No,17,4,4,80,2,17,2,3,1,1,1,1
39,No,Travel_Rarely,969,Human Resources,7,2,Life Sciences,1,1105,4,Male,41,4,2,Human Resources,1,Married,4174,9144,4,Y,No,11,3,4,80,2,0,3,3,0,0,0,0
37,No,Travel_Rarely,842,Research & Development,1,2,Medical,1,1106,3,Male,40,2,1,Healthcare Representative,4,Single,1575,18174,1,Y,No,14,3,3,80,1,13,1,3,4,1,1,4
42,No,Travel_Rarely,640,Research & Development,5,3,Technical Degree,1,1107,4,Female,45,3,2,Manager,4,Married,5650,23739,0,Y,Yes,13,3,2,80,2,1,3,3,1,1,0,0
18,No,Travel_Rarely,1428,Sales,14,1,Technical Degree,1,1108,1,Female,58,3,3,Sales Executive,4,Married,5094,15151,3,Y,No,12,3,4,80,2,3,3,1,3,3,3,2
44,Yes,Travel_Rarely,383,Sales,7,3,Human Resources,1,1109,1,Male,50,3,1,Sales Executive,1,Married,1009,11476,0,Y,Yes,12,3,3,80,0,2,2,2,2,2,2,1
39,No,Travel_Rarely,593,Research & Development,3,2,Medical,1,1110,4,Male,87,3,1,Healthcare Representative,3,Divorced,2529,9964,1,Y,No,11,3,4,80,0,26,2,3,5,5,1,5
36,No,Non-Travel,381,Sales,24,3,Marketing,1,1111,1,Male,72,3,1,Sales Executive,3,Married,2467,19820,2,Y,No,11,3,3,80,0,2,2,4,2,2,2,2
56,Yes,Travel_Frequently,1324,Research & Development,2,1,Life Sciences,1,1112,4,Female,34,1,2,Research Director,3,Single,5515,20132,3,Y,Yes,18,3,4,80,0,0,2,3,0,0,0,0
32,No,Travel_Rarely,1425,Research & Development,3,3,Medical,1,1113,4,Male,81,3,4,Research Scientist,3,Married,12813,6847,7,Y,No,15,3,4,80,1,10,3,3,3,3,2,3
34,No,Non-Travel,1010,Research & Development,4,4,Life Sciences,1,1114,4,Female,42,1,1,Research Scientist,4,Married,2657,9230,2,Y,No,13,3,2,80,1,5,2,3,5,5,5,5
56,No,Travel_Frequently,767,Research & Development,20,3,Medical,1,1115,1,Male,41,3,3,Healthcare Representative,2,Single,8397,24459,3,Y,No,15,3,4,80,1,6,4,3,6,6,0,5
30,No,Travel_Rarely,1424,Research & Development,6,5,Medical,1,1116,3,Male,30,2,5,Healthcare Representative,4,Married,11037,13831,1,Y,No,20,3,1,80,0,1,3,3,0,0,0,0
33,No,Travel_Rarely,656,Research & Development,10,4,Life Sciences,1,1117,4,Male,37,3,1,Laboratory Technician,1,Divorced,3652,18094,3,Y,Yes,15,3,4,80,2,15,2,3,1,1,1,1
36,Yes,Travel_Rarely,1447,Sales,29,3,Life Sciences,1,1118,3,Female,45,3,3,Sales Representative,2,Divorced,6710,18475,1,Y,Yes,17,3,4,80,0,10,1,3,2,2,0,2
45,No,Travel_Rarely,1235,Research & Development,14,1,Life Sciences,1,1119,3,Female,44,3,5,Laboratory Technician,1,Single,12607,19555,5,Y,Yes,12,3,2,80,1,5,0,4,3,3,3,3
39,No,Travel_Rarely,572,Research & Development,2,4,Life Sciences,1,1120,3,Male,48,3,5,Manufacturing Director,2,Divorced,12337,2215,1,Y,Yes,13,3,3,80,3,2,3,3,2,0,2,0
26,Yes,Travel_Rarely,513,Sales,14,4,Life Sciences,1,1121,1,Female,54,3,1,Sales Representative,2,Married,4049,21673,2,Y,No,17,3,3,80,0,10,2,3,8,5,1,1
33,No,Travel_Rarely,614,Sales,12,4,Life Sciences,1,1122,4,Male,60,3,1,Sales Representative,4,Married,1009,4308,1,Y,No,22,4,4,80,0,17,0,2,12,8,7,11
32,No,Travel_Rarely,1265,Sales,2,2,Life Sciences,1,1123,4,Male,31,3,1,Sales Executive,3,Married,1009,21469,4,Y,Yes,20,3,4,80,1,4,2,3,1,1,0,1
37,No,Travel_Rarely,979,Sales,4,5,Life Sciences,1,1124,4,Male,88,2,3,Sales Executive,3,Divorced,7180,11119,8,Y,No,17,3,3,80,2,0,5,4,0,0,0,0
41,No,Travel_Frequently,791,Sales,11,2,Other,1,1125,3,Male,60,2,3,Sales Executive,3,Married,8203,4163,1,Y,No,16,3,4,80,0,3,3,2,3,3,0,1
41,No,Non-Travel,1050,Research & Development,2,4,Life Sciences,1,1126,4,Male,97,3,3,Manufacturing Director,1,Married,7728,23873,2,Y,No,20,3,2,80,1,13,4,3,5,1,1,1
22,No,Travel_Rarely,161,Research & Development,2,4,Life Sciences,1,1127,2,Female,97,4,1,Research Scientist,1,Married,4348,12170,3,Y,Yes,18,3,2,80,2,40,1,3,7,2,3,1
47,No,Travel_Rarely,1308,Research & Development,11,2,Medical,1,1128,3,Male,41,2,1,Research Scientist,3,Married,3156,14342,6,Y,No,11,3,3,80,0,0,1,3,0,0,0,0
40,Yes,Travel_Frequently,520,Research & Development,19,4,Technical Degree,1,1129,3,Female,46,1,2,Research Scientist,3,Single,4154,4056,2,Y,No,11,3,3,80,0,4,0,3,1,1,0,1
50,No,Non-Travel,1058,Research & Development,1,3,Medical,1,1130,4,Male,58,2,2,Laboratory Technician,4,Divorced,1512,22501,0,Y,No,16,4,1,80,1,1,5,2,1,0,1,1
42,No,Travel_Rarely,926,Sales,5,5,Life Sciences,1,1131,4,Female,65,3,3,Sales Executive,3,Married,7144,8536,1,Y,Yes,11,4,3,80,0,4,2,4,4,0,1,2
48,No,Travel_Frequently,1009,Research & Development,8,2,Medical,1,1132,4,Male,92,3,2,Laboratory Technician,4,Married,6542,24898,2,Y,No,12,3,3,80,0,6,3,3,4,0,3,3
42,No,Travel_Rarely,834,Research & Development,10,5,Marketing,1,1133,4,Male,44,3,1,Manufacturing Director,3,Single,1912,17245,1,Y,No,13,3,4,80,2,28,2,2,1,1,0,1
50,No,Travel_Frequently,1352,Research & Development,29,1,Marketing,1,1134,4,Male,59,2,1,Research Scientist,4,Married,2542,20847,1,Y,No,14,3,1,80,1,1,3,2,1,1,1,1
42,Yes,Non-Travel,492,Sales,10,4,Medical,1,1135,1,Male,80,2,1,Sales Executive,2,Single,3132,20797,0,Y,Yes,14,3,3,80,0,17,2,4,6,6,1,2
37,No,Travel_Rarely,1269,Research & Development,9,3,Technical Degree,1,1136,4,Female,40,3,1,Research Scientist,3,Single,1009,21717,3,Y,No,14,3,3,80,0,6,3,2,3,3,1,3
58,No,Travel_Frequently,837,Sales,29,3,Technical Degree,1,1137,3,Male,86,3,1,Sales Executive,3,Married,3435,10050,9,Y,No,18,3,4,80,1,18,6,3,18,6,1,3
46,Yes,Travel_Rarely,762,Research & Development,1,2,Medical,1,1138,3,Female,42,3,1,Research Scientist,4,Married,4956,7649,6,Y,Yes,14,3,4,80,1,8,2,3,4,0,2,4
43,No,Travel_Rarely,128,Research & Development,1,4,Medical,1,1139,1,Male,84,2,1,Manufacturing Director,2,Married,2241,3986,3,Y,No,14,3,4,80,1,0,3,4,0,0,0,0
26,No,Non-Travel,724,Research & Development,7,2,Medical,1,1140,3,Male,92,4,1,Laboratory Technician,3,Single,1009,8501,5,Y,No,11,3,4,80,1,32,3,3,7,2,1,1
26,No,Travel_Frequently,985,Sales,4,3,Technical Degree,1,1141,2,Male,31,3,3,Sales Representative,2,Married,7400,12583,1,Y,No,19,3,3,80,1,1,4,3,1,1,1,1
40,No,Travel_Rarely,228,Research & Development,1,2,Life Sciences,1,1142,3,Female,85,3,1,Laboratory Technician,3,Single,1009,15867,2,Y,No,13,3,2,80,3,10,2,1,5,5,5,5
39,No,Non-Travel,382,Sales,3,5,Other,1,1143,3,Female,36,3,3,Sales Executive,2,Divorced,8005,17307,0,Y,Yes,11,3,4,80,2,23,1,4,5,5,0,5
32,Yes,Travel_Rarely,420,Research & Development,10,1,Life Sciences,1,1144,4,Male,72,2,3,Manufacturing Director,1,Married,8178,16868,3,Y,Yes,16,3,4,80,0,1,4,3,1,0,1,0
39,No,Travel_Rarely,542,Research & Development,19,2,Medical,1,1145,4,Male,60,4,2,Research Scientist,3,Married,7513,22316,9,Y,No,12,4,3,80,0,9,2,4,9,5,0,7
52,No,Travel_Rarely,442,Sales,1,2,Technical Degree,1,1146,3,Male,90,3,5,Sales Executive,2,Married,12209,25987,5,Y,Yes,13,3,4,80,0,19,5,3,2,2,0,2
44,Yes,Travel_Rarely,795,Sales,7,3,Life Sciences,1,1147,3,Female,51,3,1,Sales Executive,1,Single,3113,3583,2,Y,Yes,16,3,4,80,0,40,3,3,16,7,0,3
27,No,Non-Travel,220,Sales,3,2,Medical,1,1148,2,Female,91,3,3,Sales Executive,2,Divorced,6208,6103,4,Y,No,14,3,4,80,0,14,3,2,11,3,0,0
37,Yes,Travel_Rarely,879,Sales,10,3,Life Sciences,1,1149,2,Male,57,3,5,Sales Representative,1,Single,11965,18076,7,Y,No,24,3,4,80,0,4,1,3,3,3,2,3
30,No,Travel_Rarely,791,Sales,7,4,Life Sciences,1,1150,1,Male,54,3,4,Sales Executive,4,Married,7712,3915,1,Y,No,15,3,2,80,0,13,3,3,1,0,1,1
34,No,Travel_Rarely,814,Sales,24,4,Life Sciences,1,1151,4,Male,94,3,1,Sales Representative,3,Married,2208,14646,4,Y,No,17,4,3,80,0,13,3,3,2,2,0,2
34,Yes,Travel_Frequently,1493,Sales,1,3,Life Sciences,1,1152,3,Female,61,4,1,Manager,4,Single,2042,19750,1,Y,Yes,11,3,1,80,0,13,3,2,3,1,1,0
33,No,Travel_Frequently,486,Sales,6,1,Life Sciences,1,1153,1,Male,77,2,1,Sales Executive,3,Divorced,2949,12172,5,Y,No,12,3,2,80,0,21,2,2,6,0,1,6
26,No,Travel_Rarely,611,Sales,2,4,Other,1,1154,2,Female,53,1,2,Manager,4,Married,4065,13152,0,Y,No,11,3,4,80,1,1,5,2,0,0,0,0
36,No,Non-Travel,1283,Research & Development,7,2,Other,1,1155,3,Male,71,3,3,Research Scientist,3,Single,7625,10982,0,Y,No,12,3,2,80,0,1,2,3,1,1,1,1
33,Yes,Travel_Rarely,187,Sales,17,4,Life Sciences,1,1156,3,Female,99,2,1,Manager,3,Single,2000,23314,3,Y,No,17,3,3,80,3,11,1,4,1,1,1,1
18,Yes,Travel_Rarely,462,Research & Development,22,2,Marketing,1,1157,1,Female,65,3,2,Laboratory Technician,3,Single,4503,12650,0,Y,Yes,19,3,3,80,0,34,6,3,2,2,0,1
56,No,Travel_Rarely,1107,Sales,5,3,Life Sciences,1,1158,4,Female,60,2,3,Sales Representative,4,Divorced,7621,22692,0,Y,No,16,4,4,80,3,7,4,3,1,1,1,1
47,No,Travel_Rarely,893,Sales,15,3,Life Sciences,1,1159,2,Female,56,3,2,Sales Executive,3,Married,5061,20247,2,Y,No,14,3,1,80,0,36,2,2,2,2,1,1
34,No,Travel_Rarely,1210,Research & Development,3,4,Life Sciences,1,1160,1,Female,95,2,4,Research Scientist,2,Single,11142,21319,5,Y,No,13,4,2,80,1,31,5,3,13,9,1,13
38,Yes,Travel_Frequently,460,Sales,1,2,Other,1,1161,1,Male,74,3,3,Sales Executive,1,Single,7319,12535,1,Y,Yes,19,3,3,80,0,26,1,3,7,7,1,4
27,No,Travel_Rarely,828,Research & Development,17,3,Other,1,1162,3,Male,73,3,1,Manufacturing Director,3,Married,1975,26419,5,Y,No,23,3,2,80,2,26,1,4,2,1,1,2
53,No,Travel_Rarely,1258,Research & Development,1,2,Life Sciences,1,1163,1,Male,86,4,2,Laboratory Technician,3,Married,4729,13410,4,Y,Yes,16,3,4,80,0,25,3,3,14,1,0,1
55,No,Non-Travel,1372,Sales,1,4,Life Sciences,1,1164,1,Female,50,4,1,Sales Executive,1,Married,1428,4458,2,Y,No,19,3,4,80,3,19,1,3,11,4,0,2
39,No,Travel_Frequently,1266,Research & Development,4,4,Life Sciences,1,1165,2,Male,84,4,2,Manufacturing Director,3,Married,4460,7457,3,Y,Yes,16,3,3,80,0,13,5,3,10,3,1,1
47,No,Travel_Rarely,548,Sales,4,3,Medical,1,1166,3,Female,44,3,5,Sales Representative,3,Single,15547,18394,0,Y,No,18,3,4,80,0,0,4,2,0,0,0,0
39,Yes,Non-Travel,1201,Sales,1,3,Medical,1,1167,1,Female,63,3,4,Manager,4,Married,8631,3211,1,Y,No,11,3,2,80,0,2,2,3,2,2,0,2
26,No,Travel_Rarely,1223,Research & Development,15,5,Life Sciences,1,1168,2,Male,32,3,2,Manufacturing Director,1,Divorced,4582,9541,1,Y,No,13,3,4,80,1,2,4,2,2,2,2,2
34,No,Travel_Rarely,1428,Research & Development,5,3,Marketing,1,1169,3,Male,30,4,1,Manager,2,Single,1919,19290,0,Y,No,17,3,2,80,3,0,0,3,0,0,0,0
39,No,Travel_Rarely,1180,Research & Development,6,3,Life Sciences,1,1170,1,Male,53,1,1,Manufacturing Director,4,Married,2129,2131,1,Y,No,20,3,4,80,0,1,3,2,1,1,1,1
34,No,Travel_Rarely,406,Research & Development,3,3,Other,1,1171,3,Male,72,3,2,Research Scientist,3,Married,4503,4554,1,Y,Yes,12,3,3,80,1,28,5,3,6,4,1,1
36,No,Travel_Rarely,872,Human Resources,6,4,Medical,1,1172,1,Male,56,2,1,Human Resources,2,Married,2919,22816,3,Y,No,11,3,1,80,1,12,4,3,12,2,0,0
37,Yes,Non-Travel,635,Research & Development,13,2,Medical,1,1173,1,Male,38,3,2,Manufacturing Director,4,Single,2435,23961,2,Y,No,13,3,2,80,1,4,2,3,4,3,4,4
37,No,Travel_Rarely,136,Research & Development,21,4,Technical Degree,1,1174,3,Female,46,3,1,Healthcare Representative,3,Divorced,4056,16380,6,Y,No,19,4,3,80,1,17,2,3,17,13,0,13
38,Yes,Travel_Frequently,783,Research & Development,29,3,Technical Degree,1,1175,2,Female,68,3,1,Laboratory Technician,3,Married,3449,22197,0,Y,Yes,11,3,4,80,0,7,2,2,3,1,2,3
28,Yes,Travel_Rarely,1265,Research & Development,5,1,Life Sciences,1,1176,1,Male,84,3,1,Research Scientist,4,Married,1009,25709,0,Y,Yes,11,4,1,80,0,2,3,3,2,2,2,0
31,No,Travel_Rarely,1116,Sales,29,4,Life Sciences,1,1177,3,Male,97,4,5,Manager,4,Single,9096,11140,2,Y,No,16,3,3,80,1,24,3,3,7,4,1,3
26,No,Travel_Rarely,742,Research & Development,3,3,Other,1,1178,4,Male,74,3,3,Research Scientist,2,Single,6034,14232,0,Y,No,15,3,4,80,1,5,0,4,5,2,5,5
46,No,Travel_Rarely,1225,Sales,1,2,Life Sciences,1,1179,4,Female,57,4,1,Sales Executive,1,Single,2136,12534,4,Y,Yes,17,3,3,80,2,13,2,3,7,1,4,0
19,No,Non-Travel,1091,Research & Development,13,3,Life Sciences,1,1180,4,Female,85,3,1,Research Scientist,2,Married,6370,4448,2,Y,Yes,11,3,4,80,2,4,4,3,2,1,2,1
48,No,Travel_Rarely,1498,Human Resources,2,4,Medical,1,1181,4,Male,58,3,2,Human Resources,1,Single,5815,6136,2,Y,No,14,3,1,80,2,8,2,3,1,1,1,1
50,No,Travel_Frequently,860,Research & Development,1,4,Technical Degree,1,1182,4,Male,58,3,1,Research Scientist,1,Married,1009,18652,1,Y,Yes,20,3,3,80,0,19,1,2,19,2,1,9
35,No,Travel_Frequently,1148,Research & Development,23,5,Marketing,1,1183,4,Female,98,3,2,Research Scientist,3,Married,3966,13349,1,Y,No,11,3,4,80,0,2,5,2,0,0,0,0
18,No,Travel_Rarely,385,Sales,14,4,Human Resources,1,1184,3,Female,40,3,4,Sales Executive,4,Married,9920,17423,1,Y,No,21,4,3,80,0,40,2,2,4,3,3,4
34,No,Non-Travel,214,Research & Development,1,1,Medical,1,1185,2,Male,31,3,2,Manufacturing Director,4,Married,5381,25218,0,Y,No,11,4,3,80,3,1,4,3,1,1,1,0
37,No,Travel_Rarely,474,Sales,14,3,Life Sciences,1,1186,1,Female,97,3,3,Sales Executive,3,Married,5528,19149,0,Y,No,18,3,4,80,0,8,2,3,3,2,0,3
29,Yes,Travel_Rarely,298,Sales,17,4,Medical,1,1187,3,Male,39,3,2,Sales Representative,3,Single,4798,2787,2,Y,Yes,14,3,2,80,0,27,2,4,11,0,1,5
33,No,Travel_Rarely,1289,Research & Development,21,3,Marketing,1,1188,4,Male,56,3,4,Research Director,1,Single,8924,10833,0,Y,No,11,3,4,80,0,32,3,3,10,10,6,5
51,No,Non-Travel,994,Research & Development,7,3,Life Sciences,1,1189,3,Female,64,3,5,Laboratory Technician,2,Married,10844,8070,4,Y,No,13,3,4,80,0,3,3,3,3,2,0,3
44,No,Travel_Frequently,923,Sales,11,3,Life Sciences,1,1190,4,Female,79,3,2,Sales Representative,1,Married,5389,3216,1,Y,No,17,3,1,80,0,2,3,3,2,2,2,2
29,No,Travel_Rarely,111,Research & Development,13,3,Life Sciences,1,1191,3,Male,31,2,1,Research Scientist,4,Single,3661,21775,0,Y,No,15,3,4,80,0,14,2,2,6,2,1,2
23,No,Travel_Frequently,499,Research & Development,11,4,Medical,1,1192,3,Female,46,3,2,Research Director,1,Married,6262,22464,1,Y,No,19,3,2,80,0,0,3,2,0,0,0,0
35,No,Travel_Rarely,253,Research & Development,9,3,Technical Degree,1,1193,3,Male,53,1,1,Laboratory Technician,4,Single,3362,21074,1,Y,No,21,3,3,80,3,7,3,3,7,1,4,2
36,No,Travel_Rarely,292,Research & Development,7,3,Medical,1,1194,3,Female,86,2,3,Healthcare Representative,3,Single,6754,6462,0,Y,No,11,3,4,80,1,18,2,3,18,0,8,5
42,No,Travel_Rarely,378,Research & Development,6,5,Other,1,1195,2,Male,45,2,2,Healthcare Representative,2,Single,6072,5117,0,Y,No,11,4,4,80,1,9,6,4,9,0,1,1
33,Yes,Travel_Rarely,594,Sales,29,3,Life Sciences,1,1196,4,Female,65,1,1,Sales Executive,1,Divorced,2964,11069,1,Y,No,11,3,4,80,0,2,4,3,1,1,1,1
42,No,Travel_Rarely,1368,Human Resources,4,2,Human Resources,1,1197,4,Female,74,2,1,Human Resources,3,Single,2701,11225,1,Y,Yes,12,3,4,80,2,7,4,4,0,0,0,0
55,No,Travel_Rarely,589,Human Resources,1,3,Technical Degree,1,1198,4,Male,39,3,2,Human Resources,4,Single,4082,16990,4,Y,No,19,3,3,80,2,28,3,3,12,2,4,0
45,No,Travel_Rarely,377,Sales,13,4,Life Sciences,1,1199,2,Female,92,2,4,Sales Representative,4,Single,9255,20006,5,Y,No,17,3,3,80,3,11,1,3,11,7,0,3
37,No,Travel_Frequently,291,Research & Development,2,4,Other,1,1200,4,Female,72,3,2,Research Scientist,2,Single,5111,18571,1,Y,No,13,3,3,80,0,14,3,3,10,1,1,5
36,No,Travel_Rarely,965,Sales,7,4,Life Sciences,1,1201,2,Female,80,4,3,Sales Executive,3,Married,11160,11616,0,Y,No,15,3,2,80,2,5,4,2,2,2,2,2
34,No,Travel_Rarely,1432,Research & Development,1,4,Technical Degree,1,1202,2,Male,32,3,1,Research Scientist,2,Single,2952,12047,3,Y,No,20,3,3,80,0,2,0,2,2,2,1,2
48,Yes,Travel_Frequently,397,Research & Development,9,2,Technical Degree,1,1203,4,Female,95,3,2,Manufacturing Director,4,Single,4083,8754,4,Y,Yes,22,4,4,80,0,3,3,1,3,3,1,2
32,No,Travel_Rarely,1359,Research & Development,26,4,Marketing,1,1204,2,Female,64,4,2,Laboratory Technician,4,Married,3751,16270,8,Y,No,16,3,3,80,0,8,2,3,4,4,4,1
38,No,Non-Travel,442,Research & Development,12,4,Medical,1,1205,1,Male,98,3,3,Research Director,3,Married,6762,23527,0,Y,No,11,3,4,80,1,4,2,3,3,2,3,0
38,No,Travel_Rarely,694,Sales,2,2,Life Sciences,1,1206,2,Female,65,2,1,Sales Executive,3,Married,5766,20699,1,Y,No,16,3,4,80,1,9,2,2,9,2,7,5
33,No,Travel_Rarely,1318,Sales,29,2,Medical,1,1207,4,Male,78,4,2,Sales Executive,3,Married,4401,21220,3,Y,No,19,4,1,80,0,14,6,3,2,1,1,2
25,No,Travel_Frequently,984,Research & Development,3,5,Life Sciences,1,1208,2,Male,30,4,1,Laboratory Technician,2,Single,3860,3190,4,Y,No,16,3,3,80,1,15,3,3,6,6,5,6
41,No,Travel_Rarely,1489,Research & Development,5,4,Technical Degree,1,1209,3,Male,71,3,1,Laboratory Technician,1,Married,1936,26669,0,Y,No,18,3,3,80,0,2,2,3,2,2,2,2
37,No,Travel_Rarely,1051,Human Resources,6,4,Marketing,1,1210,3,Male,70,3,5,Human Resources,3,Single,12892,23481,3,Y,No,17,4,3,80,0,15,3,3,8,8,0,2
42,No,Travel_Rarely,359,Research & Development,29,4,Human Resources,1,1211,4,Female,86,3,1,Laboratory Technician,4,Married,3688,16069,1,Y,No,11,4,4,80,0,12,2,3,6,2,2,2
33,No,Non-Travel,1078,Research & Development,1,3,Life Sciences,1,1212,4,Male,49,2,1,Research Director,3,Married,1642,20581,0,Y,No,12,3,3,80,1,0,3,3,0,0,0,0
49,Yes,Travel_Rarely,1356,Research & Development,11,3,Technical Degree,1,1213,3,Female,43,2,2,Laboratory Technician,1,Single,4038,21220,2,Y,Yes,14,3,4,80,0,1,4,3,1,1,1,1
30,No,Travel_Frequently,115,Sales,4,3,Other,1,1214,1,Male,81,3,4,Sales Executive,4,Married,12488,6823,0,Y,No,19,3,4,80,0,11,3,3,2,2,2,2
53,No,Travel_Rarely,1139,Sales,1,1,Technical Degree,1,1215,2,Male,83,4,2,Sales Executive,2,Divorced,6477,17323,3,Y,Yes,12,3,3,80,3,5,3,2,5,5,3,5
22,No,Travel_Rarely,657,Research & Development,25,4,Life Sciences,1,1216,3,Male,78,1,3,Laboratory Technician,2,Divorced,8686,6393,3,Y,No,17,3,4,80,2,2,3,3,2,1,0,1
42,No,Travel_Rarely,1109,Research & Development,8,3,Life Sciences,1,1217,4,Male,59,3,4,Laboratory Technician,2,Married,11181,22140,5,Y,No,16,3,1,80,0,0,3,2,0,0,0,0
42,Yes,Travel_Rarely,311,Sales,13,3,Life Sciences,1,1218,1,Female,32,1,1,Sales Executive,3,Married,3189,10301,1,Y,Yes,21,3,1,80,1,2,3,3,2,2,0,0
30,No,Travel_Rarely,1165,Research & Development,2,3,Medical,1,1219,2,Female,41,3,2,Research Scientist,3,Single,8027,18603,0,Y,No,15,3,1,80,0,35,4,3,7,7,6,1
41,No,Travel_Frequently,1159,Research & Development,13,3,Medical,1,1220,4,Female,60,3,2,Research Scientist,3,Single,5066,17219,1,Y,Yes,11,4,3,80,1,14,3,3,0,0,0,0
49,No,Travel_Rarely,848,Sales,16,2,Other,1,1221,3,Male,66,3,4,Sales Executive,4,Married,10866,24475,2,Y,No,18,3,2,80,1,8,6,3,2,2,0,2
18,Yes,Travel_Rarely,1359,Research & Development,5,2,Life Sciences,1,1222,4,Male,56,1,1,Healthcare Representative,2,Married,1009,17881,3,Y,No,23,3,4,80,0,31,4,2,12,12,0,4
42,No,Travel_Rarely,1415,Research & Development,8,2,Life Sciences,1,1223,4,Male,53,3,1,Laboratory Technician,4,Divorced,1263,13708,1,Y,No,18,4,3,80,0,11,4,4,5,2,2,5
18,Yes,Travel_Rarely,956,Sales,29,2,Medical,1,1224,4,Male,70,3,3,Sales Executive,1,Married,5699,24152,2,Y,No,12,3,3,80,0,14,4,3,0,0,0,0
29,No,Travel_Rarely,949,Research & Development,17,5,Technical Degree,1,1225,3,Male,93,2,2,Manager,4,Married,6911,6268,2,Y,No,11,3,2,80,1,4,2,3,2,2,2,1
52,No,Travel_Rarely,1052,Research & Development,5,2,Other,1,1226,3,Female,40,2,2,Research Scientist,3,Married,1171,13858,0,Y,Yes,12,3,2,80,2,10,2,3,7,7,1,1
32,No,Non-Travel,1443,Research & Development,10,2,Technical Degree,1,1227,4,Male,45,3,2,Healthcare Representative,3,Divorced,4397,23976,2,Y,No,23,3,2,80,3,2,3,2,2,0,2,1
27,No,Travel_Frequently,741,Research & Development,14,3,Medical,1,1228,3,Female,43,3,1,Research Scientist,3,Married,1009,8501,1,Y,No,14,3,3,80,3,6,3,2,6,4,0,4
36,No,Travel_Rarely,509,Human Resources,1,3,Medical,1,1229,2,Male,76,2,2,Human Resources,3,Married,3753,4446,4,Y,No,13,3,3,80,3,0,4,3,0,0,0,0
56,Yes,Travel_Rarely,917,Research & Development,8,2,Technical Degree,1,1230,2,Male,59,3,2,Manufacturing Director,1,Married,4264,11797,3,Y,Yes,15,3,3,80,0,3,0,2,3,3,3,3
21,No,Travel_Rarely,1205,Sales,29,4,Medical,1,1231,4,Female,53,4,4,Sales Executive,4,Divorced,12077,8977,0,Y,Yes,14,3,3,80,1,1,2,2,1,1,1,1
28,Yes,Travel_Rarely,277,Research & Development,26,4,Life Sciences,1,1232,4,Male,42,1,1,Manager,1,Single,3095,6314,2,Y,No,21,3,4,80,0,5,4,4,3,2,0,2
51,No,Travel_Frequently,1116,Research & Development,16,2,Life Sciences,1,1233,1,Female,38,3,4,Laboratory Technician,1,Divorced,8750,23315,3,Y,No,11,3,1,80,2,20,0,3,2,2,2,2
54,No,Travel_Frequently,949,Research & Development,1,2,Life Sciences,1,1234,1,Female,78,2,3,Laboratory Technician,3,Married,9099,26750,0,Y,No,20,3,4,80,2,5,2,3,5,5,0,4
37,No,Travel_Rarely,1410,Research & Development,29,5,Marketing,1,1235,4,Male,55,1,1,Manufacturing Director,4,Married,2527,25493,4,Y,No,16,3,3,80,0,20,2,3,6,5,3,1
26,No,Travel_Frequently,419,Research & Development,8,4,Life Sciences,1,1236,4,Female,78,2,3,Manufacturing Director,1,Married,7556,11930,1,Y,No,20,4,3,80,1,12,4,4,3,3,2,3
56,No,Travel_Rarely,511,Sales,2,4,Life Sciences,1,1237,2,Male,71,3,1,Sales Executive,4,Married,1009,2268,2,Y,No,21,3,2,80,0,8,3,2,3,3,1,1
52,No,Travel_Frequently,1267,Research & Development,10,1,Life Sciences,1,1238,2,Male,74,3,5,Laboratory Technician,4,Single,11015,17578,7,Y,No,16,3,3,80,0,3,5,3,3,0,0,3
44,No,Travel_Rarely,348,Human Resources,17,3,Medical,1,1239,3,Female,50,3,4,Human Resources,3,Divorced,8762,10633,2,Y,No,14,3,2,80,3,28,2,3,2,1,0,2
30,No,Travel_Rarely,278,Research & Development,1,3,Life Sciences,1,1240,2,Male,58,3,1,Research Scientist,3,Married,2570,12198,1,Y,Yes,15,3,4,80,2,1,4,2,1,1,1,1
37,No,Travel_Rarely,912,Sales,22,2,Medical,1,1241,4,Female,53,3,1,Sales Representative,4,Married,2617,20036,0,Y,No,15,3,3,80,0,13,2,3,7,4,5,2
36,Yes,Travel_Frequently,1469,Sales,23,3,Life Sciences,1,1242,1,Female,71,2,2,Sales Executive,2,Single,7316,19916,0,Y,No,11,3,4,80,0,11,2,3,4,4,1,4
41,No,Non-Travel,365,Sales,1,3,Life Sciences,1,1243,1,Female,70,3,2,Sales Executive,3,Married,5578,5019,2,Y,No,21,3,3,80,0,6,3,3,4,1,0,1
51,No,Travel_Rarely,269,Sales,21,3,Medical,1,1244,2,Male,77,3,2,Sales Executive,4,Married,1009,9080,2,Y,No,16,3,2,80,3,3,1,2,3,1,3,0
46,No,Travel_Rarely,1150,Sales,26,4,Life Sciences,1,1245,2,Male,72,4,1,Sales Executive,4,Married,2894,6913,1,Y,No,11,3,3,80,2,6,2,3,2,2,1,2
28,No,Travel_Rarely,804,Research & Development,1,4,Life Sciences,1,1246,1,Female,37,4,2,Research Scientist,4,Married,2825,7465,6,Y,No,11,3,1,80,1,23,2,3,1,1,1,0
50,Yes,Travel_Rarely,629,Research & Development,3,3,Life Sciences,1,1247,1,Male,92,3,1,Healthcare Representative,2,Married,1051,6797,1,Y,Yes,11,3,4,80,1,20,1,3,2,1,1,2
40,No,Travel_Frequently,1435,Research & Development,4,4,Human Resources,1,1248,4,Male,92,3,4,Manager,2,Divorced,8782,14078,2,Y,No,18,3,4,80,1,31,4,3,3,2,1,3
44,No,Travel_Rarely,129,Sales,4,2,Marketing,1,1249,1,Male,35,2,4,Sales Representative,2,Married,9005,25190,2,Y,No,13,4,4,80,0,4,2,3,4,4,2,4
51,No,Travel_Frequently,1495,Research & Development,13,4,Life Sciences,1,1250,4,Male,81,3,2,Laboratory Technician,3,Divorced,2937,24855,2,Y,No,14,3,3,80,3,5,6,3,5,2,2,5
28,No,Travel_Rarely,1419,Sales,4,2,Life Sciences,1,1251,2,Male,50,4,4,Manager,2,Single,10305,18835,2,Y,No,17,4,3,80,1,0,4,4,0,0,0,0
37,No,Travel_Rarely,765,Research & Development,28,1,Other,1,1252,3,Female,43,1,1,Manufacturing Director,2,Married,1009,21875,1,Y,No,13,3,4,80,0,32,2,2,20,5,5,6
33,Yes,Travel_Rarely,681,Research & Development,29,3,Marketing,1,1253,2,Female,87,3,1,Manufacturing Director,3,Married,3035,11374,6,Y,No,17,3,2,80,0,4,3,1,4,3,1,4
23,No,Non-Travel,138,Research & Development,3,3,Medical,1,1254,2,Male,54,3,2,Research Scientist,4,Married,8355,2386,1,Y,Yes,16,3,4,80,1,6,3,3,6,3,2,1
41,No,Travel_Rarely,989,Sales,6,4,Marketing,1,1255,3,Male,85,3,2,Sales Executive,4,Divorced,3006,7537,2,Y,No,15,3,3,80,0,26,4,3,15,3,1,3
60,No,Travel_Rarely,648,Research & Development,7,3,Marketing,1,1256,3,Male,38,2,2,Research Scientist,4,Single,4573,11276,3,Y,Yes,11,3,4,80,1,8,4,3,7,7,3,7
21,No,Travel_Rarely,747,Research & Development,8,2,Marketing,1,1257,4,Female,65,4,4,Laboratory Technician,1,Single,6215,13688,0,Y,Yes,12,3,4,80,2,9,3,3,6,3,0,5
37,No,Travel_Rarely,979,Research & Development,4,3,Medical,1,1258,4,Male,86,3,5,Laboratory Technician,1,Divorced,12049,4670,4,Y,Yes,17,3,4,80,1,2,0,2,1,1,0,1
43,No,Travel_Rarely,774,Research & Development,2,3,Medical,1,1259,3,Female,34,2,3,Laboratory Technician,4,Single,8464,8372,2,Y,Yes,13,3,3,80,1,8,3,2,8,3,4,0
39,No,Non-Travel,473,Research & Development,1,3,Life Sciences,1,1260,3,Male,36,1,3,Research Scientist,3,Married,8581,2913,3,Y,No,20,3,2,80,1,28,4,3,6,1,0,6
37,No,Travel_Rarely,837,Research & Development,1,4,Other,1,1261,4,Female,35,3,1,Manufacturing Director,3,Married,2616,13776,4,Y,No,24,4,3,80,0,9,3,3,5,2,2,5
26,Yes,Travel_Rarely,203,Sales,21,4,Medical,1,1262,3,Male,81,2,1,Sales Executive,1,Divorced,3834,22703,5,Y,Yes,18,3,4,80,0,3,4,3,3,3,3,1
40,No,Travel_Rarely,1480,Research & Development,3,4,Life Sciences,1,1263,4,Female,99,2,3,Laboratory Technician,2,Single,11319,22098,1,Y,No,21,3,4,80,0,0,3,3,0,0,0,0
31,No,Non-Travel,566,Research & Development,1,5,Human Resources,1,1264,4,Male,84,3,2,Manager,3,Single,7568,26407,4,Y,No,18,3,1,80,3,5,0,3,5,5,0,1
18,No,Travel_Rarely,795,Research & Development,9,2,Human Resources,1,1265,1,Female,43,3,2,Manager,4,Married,4216,8806,1,Y,No,13,4,3,80,2,9,5,2,4,1,1,4
48,No,Travel_Rarely,581,Research & Development,1,4,Other,1,1266,2,Male,30,3,1,Manufacturing Director,4,Divorced,1009,16951,3,Y,No,16,3,2,80,0,0,5,3,0,0,0,0
46,No,Travel_Rarely,1011,Research & Development,1,3,Technical Degree,1,1267,3,Female,66,3,2,Manager,3,Married,4391,23166,0,Y,No,23,3,4,80,2,10,1,3,10,6,1,10
38,No,Travel_Rarely,317,Research & Development,9,4,Other,1,1268,4,Female,78,3,1,Healthcare Representative,3,Married,1080,18055,0,Y,No,13,3,1,80,1,8,1,3,8,5,3,2
40,No,Travel_Rarely,1100,Research & Development,8,3,Life Sciences,1,1269,3,Male,41,4,2,Manager,4,Married,5677,17330,0,Y,Yes,11,3,3,80,3,17,3,1,11,3,3,11
47,No,Travel_Rarely,1452,Research & Development,1,5,Technical Degree,1,1270,4,Female,34,3,1,Laboratory Technician,3,Divorced,1009,20402,1,Y,No,11,3,2,80,0,0,4,4,0,0,0,0
40,No,Travel_Rarely,801,Sales,6,4,Technical Degree,1,1271,2,Male,99,3,1,Sales Executive,3,Divorced,2391,7845,0,Y,No,14,3,2,80,1,17,2,3,17,2,3,1
46,No,Travel_Rarely,701,Sales,5,5,Life Sciences,1,1272,1,Male,40,4,1,Sales Executive,4,Divorced,3757,7708,2,Y,No,11,3,4,80,1,8,1,2,2,0,1,1
35,No,Travel_Rarely,1372,Sales,7,4,Life Sciences,1,1273,1,Male,82,3,1,Sales Executive,4,Single,2349,6728,1,Y,No,21,3,2,80,0,5,3,3,5,5,2,5
49,No,Travel_Rarely,1114,Research & Development,12,4,Other,1,1274,3,Male,84,3,4,Laboratory Technician,4,Single,8581,22834,3,Y,No,16,3,1,80,0,37,2,4,2,1,2,2
40,No,Non-Travel,1213,Research & Development,3,4,Life Sciences,1,1275,3,Female,79,2,1,Healthcare Representative,2,Married,4262,22122,0,Y,Yes,19,3,1,80,0,2,2,2,2,2,0,1
39,No,Travel_Rarely,435,Research & Development,5,3,Technical Degree,1,1276,2,Female,82,3,1,Manufacturing Director,3,Divorced,1009,5301,1,Y,No,14,3,3,80,0,9,3,3,9,1,1,0
26,Yes,Travel_Rarely,765,Research & Development,14,2,Life Sciences,1,1277,3,Male,84,3,2,Healthcare Representative,4,Single,4508,18380,1,Y,Yes,11,3,3,80,0,4,4,3,4,0,2,1
40,Yes,Travel_Frequently,880,Human Resources,23,3,Life Sciences,1,1278,1,Male,32,3,2,Human Resources,1,Single,4938,4750,1,Y,No,11,4,2,80,1,8,3,3,4,1,2,4
30,No,Travel_Frequently,1325,Research & Development,20,1,Medical,1,1279,1,Female,45,4,1,Manufacturing Director,4,Divorced,2524,19728,0,Y,Yes,12,3,3,80,1,9,3,3,8,2,1,3
32,No,Travel_Rarely,1460,Research & Development,6,3,Life Sciences,1,1280,4,Female,74,1,1,Healthcare Representative,1,Single,2771,12098,9,Y,No,16,3,1,80,3,1,3,3,1,0,1,1
30,No,Travel_Rarely,1103,Research & Development,7,3,Marketing,1,1281,2,Male,65,2,5,Research Scientist,4,Married,13416,16252,1,Y,No,17,3,4,80,0,12,3,2,2,1,1,2
28,No,Travel_Rarely,551,Sales,7,3,Medical,1,1282,3,Female,48,2,3,Sales Representative,3,Married,7447,18705,3,Y,Yes,17,3,4,80,3,11,2,2,7,6,5,3
57,No,Travel_Rarely,317,Research & Development,18,5,Life Sciences,1,1283,4,Male,33,3,2,Laboratory Technician,2,Married,4448,5992,1,Y,No,11,3,4,80,1,16,2,1,2,2,2,2
50,No,Travel_Rarely,1042,Research & Development,16,4,Life Sciences,1,1284,4,Male,88,2,2,Research Scientist,3,Married,4389,17190,5,Y,Yes,15,3,4,80,1,1,2,3,1,1,1,1
55,No,Travel_Rarely,687,Research & Development,3,2,Life Sciences,1,1285,1,Female,41,3,1,Research Director,3,Married,1583,21351,1,Y,No,11,3,2,80,1,4,5,3,0,0,0,0
27,No,Travel_Rarely,773,Research & Development,2,3,Life Sciences,1,1286,3,Male,92,3,1,Research Scientist,3,Married,3681,13577,6,Y,No,17,3,3,80,1,12,4,2,6,2,2,0
38,No,Travel_Rarely,1380,Research & Development,4,3,Technical Degree,1,1287,4,Male,85,3,3,Research Scientist,3,Married,6530,7233,1,Y,Yes,17,3,4,80,0,2,3,3,2,2,2,2
26,No,Travel_Frequently,1118,Research & Development,3,3,Medical,1,1288,4,Male,56,2,4,Research Director,4,Married,11270,8661,0,Y,No,11,3,1,80,1,12,5,3,3,3,0,3
31,No,Travel_Rarely,606,Research & Development,27,4,Life Sciences,1,1289,4,Female,97,4,1,Manufacturing Director,3,Married,2528,8650,2,Y,No,19,3,2,80,1,1,4,2,1,1,1,1
29,No,Travel_Frequently,539,Research & Development,3,3,Medical,1,1290,2,Female,53,3,4,Laboratory Technician,3,Single,9218,5554,2,Y,Yes,24,3,1,80,3,4,5,3,4,4,0,2
49,Yes,Travel_Frequently,571,Research & Development,2,3,Life Sciences,1,1291,2,Male,55,4,1,Laboratory Technician,1,Single,3428,4608,0,Y,No,18,3,3,80,2,21,2,3,21,1,1,2
34,Yes,Travel_Rarely,107,Research & Development,21,4,Life Sciences,1,1292,3,Male,51,3,1,Laboratory Technician,4,Single,1409,6378,1,Y,Yes,15,3,3,80,1,16,3,3,13,7,3,0
47,No,Travel_Rarely,320,Research & Development,1,4,Life Sciences,1,1293,4,Male,99,2,1,Healthcare Representative,1,Single,3457,7598,4,Y,Yes,14,3,2,80,1,11,3,3,9,2,0,4
43,No,Travel_Rarely,677,Sales,3,2,Technical Degree,1,1294,2,Male,48,2,1,Sales Executive,3,Married,2819,24540,0,Y,No,14,4,1,80,3,22,3,3,5,1,2,5
58,No,Travel_Rarely,614,Sales,5,4,Other,1,1295,1,Male,63,4,4,Sales Executive,4,Divorced,9106,21647,2,Y,Yes,12,3,4,80,3,14,2,4,3,1,3,3
24,No,Travel_Rarely,970,Research & Development,8,3,Technical Degree,1,1296,4,Female,40,3,2,Manager,2,Married,5793,24891,2,Y,No,16,3,1,80,2,8,3,3,0,0,0,0
49,No,Travel_Rarely,1314,Research & Development,4,3,Life Sciences,1,1297,2,Male,74,1,1,Healthcare Representative,3,Divorced,3320,19142,3,Y,No,11,3,4,80,1,40,2,3,3,3,1,0
48,No,Travel_Rarely,1076,Research & Development,6,1,Life Sciences,1,1298,1,Male,66,3,5,Laboratory Technician,2,Married,14236,23815,0,Y,No,11,3,2,80,0,13,4,3,13,13,3,1
29,No,Travel_Rarely,1372,Research & Development,2,3,Medical,1,1299,1,Male,52,3,4,Research Scientist,4,Married,11449,17143,2,Y,No,16,4,3,80,2,10,4,2,3,2,3,3
47,No,Travel_Rarely,870,Sales,8,3,Marketing,1,1300,2,Male,69,3,3,Sales Representative,3,Married,8237,19661,0,Y,No,15,3,3,80,0,6,2,3,4,1,0,4
41,No,Travel_Rarely,1078,Research & Development,5,2,Other,1,1301,3,Female,72,2,5,Laboratory Technician,4,Single,10809,15897,1,Y,Yes,13,3,1,80,1,26,2,3,2,1,1,2
36,No,Travel_Rarely,787,Sales,17,4,Life Sciences,1,1302,2,Male,33,4,1,Sales Executive,4,Single,6173,17005,2,Y,No,11,3,3,80,0,4,3,2,2,2,2,2
30,No,Non-Travel,722,Research & Development,5,4,Life Sciences,1,1303,1,Male,44,2,4,Manufacturing Director,3,Married,7895,8833,6,Y,No,16,3,3,80,0,0,3,3,0,0,0,0
31,No,Non-Travel,656,Research & Development,5,2,Marketing,1,1304,1,Male,52,3,3,Research Scientist,4,Divorced,8924,4726,0,Y,Yes,12,3,4,80,0,2,3,1,2,2,2,2
56,No,Travel_Rarely,651,Sales,8,1,Technical Degree,1,1305,2,Male,41,3,4,Sales Executive,3,Single,10647,18025,0,Y,No,15,3,4,80,2,1,4,3,1,1,1,1
38,No,Non-Travel,464,Sales,1,4,Technical Degree,1,1306,3,Male,97,2,3,Sales Executive,2,Single,5739,5159,3,Y,No,22,3,1,80,1,4,4,2,4,4,0,4
45,No,Travel_Rarely,695,Sales,2,1,Medical,1,1307,1,Male,97,3,1,Sales Executive,3,Married,2314,3983,1,Y,No,18,3,2,80,1,19,2,1,6,3,1,6
30,No,Travel_Frequently,724,Sales,14,5,Other,1,1308,3,Male,81,1,3,Sales Executive,4,Single,7382,15372,2,Y,Yes,11,3,2,80,1,12,3,3,11,5,1,0
31,No,Non-Travel,1261,Research & Development,3,3,Medical,1,1309,1,Male,70,3,1,Research Scientist,3,Divorced,4458,17088,9,Y,Yes,11,3,1,80,3,2,4,4,2,2,1,2
47,Yes,Travel_Rarely,535,Sales,10,3,Human Resources,1,1310,2,Male,88,4,1,Sales Executive,2,Married,1430,14604,9,Y,Yes,16,4,3,80,0,17,4,2,10,7,2,0
25,No,Travel_Rarely,419,Research & Development,1,2,Other,1,1311,1,Male,87,3,1,Laboratory Technician,2,Divorced,2107,19437,1,Y,No,11,3,4,80,1,8,2,3,5,5,1,3
34,No,Travel_Frequently,636,Sales,16,1,Technical Degree,1,1312,1,Female,88,3,5,Sales Representative,3,Married,8996,26827,2,Y,No,11,4,3,80,1,8,1,3,3,3,1,3
38,No,Travel_Rarely,1474,Research & Development,29,2,Life Sciences,1,1313,3,Male,52,3,1,Manager,1,Married,5102,17500,6,Y,No,17,3,4,80,3,5,2,3,5,4,0,3
39,No,Travel_Rarely,1184,Sales,4,2,Life Sciences,1,1314,3,Male,30,3,2,Sales Representative,3,Married,3394,4101,0,Y,No,16,3,3,80,0,22,5,3,0,0,0,0
36,No,Travel_Rarely,879,Research & Development,6,3,Medical,1,1315,4,Male,85,3,2,Research Director,3,Married,5490,2815,2,Y,No,17,3,4,80,3,4,3,2,1,1,1,1
41,No,Travel_Rarely,241,Research & Development,5,2,Medical,1,1316,1,Male,33,2,5,Laboratory Technician,3,Married,12348,9794,1,Y,No,16,3,2,80,0,1,2,3,1,1,1,1
44,Yes,Travel_Rarely,994,Research & Development,20,3,Technical Degree,1,1317,1,Female,58,4,1,Manager,2,Single,2353,25996,1,Y,No,15,3,4,80,0,4,0,2,4,0,4,0
44,No,Travel_Rarely,729,Sales,1,3,Life Sciences,1,1318,2,Male,46,3,3,Sales Executive,3,Married,8715,16748,9,Y,No,13,3,4,80,0,14,0,2,0,0,0,0
29,No,Travel_Frequently,1329,Research & Development,10,3,Life Sciences,1,1319,4,Female,78,3,4,Manager,4,Married,12507,3348,3,Y,No,17,3,1,80,0,12,3,3,9,8,0,2
35,No,Travel_Rarely,259,Research & Development,10,1,Marketing,1,1320,2,Male,80,2,2,Manager,4,Divorced,5377,4439,1,Y,No,21,3,2,80,1,2,3,3,2,0,2,2
48,No,Travel_Rarely,1455,Research & Development,4,1,Life Sciences,1,1321,3,Male,78,1,2,Manufacturing Director,3,Married,5983,23018,4,Y,No,13,3,4,80,1,1,3,3,1,1,1,0
46,No,Travel_Rarely,1075,Research & Development,2,1,Life Sciences,1,1322,2,Female,53,3,3,Manager,1,Married,7993,2198,2,Y,Yes,11,4,4,80,0,12,1,3,4,1,0,4
25,No,Travel_Rarely,297,Sales,2,4,Life Sciences,1,1323,1,Male,73,4,4,Sales Executive,4,Single,11526,3755,5,Y,No,11,3,2,80,1,12,2,3,5,4,3,2
41,No,Travel_Frequently,825,Research & Development,15,3,Medical,1,1324,4,Male,70,3,3,Laboratory Technician,4,Married,6806,15264,1,Y,No,12,3,3,80,2,5,4,3,1,1,0,1
20,No,Travel_Rarely,654,Human Resources,1,4,Life Sciences,1,1325,3,Male,86,2,1,Human Resources,2,Married,4113,7512,1,Y,No,16,3,3,80,2,20,1,3,1,1,0,1
38,No,Travel_Rarely,963,Research & Development,7,3,Technical Degree,1,1326,4,Female,85,2,4,Healthcare Representative,1,Divorced,11666,19569,1,Y,No,11,3,3,80,1,40,4,3,2,1,2,2
55,No,Travel_Rarely,985,Research & Development,3,3,Medical,1,1327,3,Male,61,3,2,Laboratory Technician,1,Divorced,6624,10823,2,Y,No,17,3,2,80,3,3,1,3,3,3,0,3
29,Yes,Travel_Frequently,559,Sales,3,3,Human Resources,1,1328,3,Female,60,3,2,Sales Executive,1,Single,4010,24217,1,Y,Yes,18,3,2,80,1,9,1,3,6,6,6,0
30,No,Travel_Rarely,921,Sales,6,4,Medical,1,1329,1,Male,45,2,4,Manager,1,Divorced,9747,9054,0,Y,No,11,3,3,80,0,0,3,3,0,0,0,0
44,Yes,Travel_Rarely,1170,Research & Development,21,2,Life Sciences,1,1330,3,Female,61,1,1,Laboratory Technician,4,Single,2859,18049,9,Y,No,12,3,4,80,0,14,5,3,6,1,2,6
24,No,Travel_Rarely,139,Research & Development,9,2,Life Sciences,1,1331,1,Male,71,3,3,Manufacturing Director,3,Married,5444,3665,6,Y,No,15,3,4,80,0,6,2,3,6,4,0,0
32,No,Travel_Rarely,777,Sales,14,3,Life Sciences,1,1332,3,Female,63,3,2,Manager,3,Married,7392,5109,3,Y,No,15,3,1,80,1,2,3,3,2,2,1,2
43,No,Travel_Frequently,442,Research & Development,8,3,Medical,1,1333,3,Male,66,3,4,Manager,4,Single,9982,9100,6,Y,No,17,3,4,80,2,15,3,3,1,1,1,1
32,No,Travel_Rarely,403,Human Resources,11,3,Life Sciences,1,1334,4,Female,45,3,1,Manager,4,Married,2926,21924,7,Y,No,15,3,2,80,2,18,1,3,16,5,1,0
35,No,Travel_Rarely,736,Human Resources,5,3,Life Sciences,1,1335,3,Male,42,3,2,Human Resources,4,Single,4134,19907,3,Y,No,20,3,3,80,0,1,2,4,1,1,0,1
44,No,Non-Travel,1318,Research & Development,23,3,Medical,1,1336,3,Male,95,2,4,Manager,4,Single,8010,17687,2,Y,Yes,14,3,4,80,1,0,5,3,0,0,0,0
41,No,Travel_Rarely,999,Research & Development,6,3,Life Sciences,1,1337,1,Male,62,3,1,Manufacturing Director,3,Married,1594,15913,5,Y,Yes,12,3,3,80,1,4,2,4,4,0,1,3
40,No,Travel_Rarely,717,Sales,7,3,Life Sciences,1,1338,2,Male,64,4,1,Sales Executive,4,Married,2829,18719,2,Y,No,11,3,2,80,3,11,3,3,10,4,6,10
35,No,Travel_Frequently,233,Research & Development,7,4,Marketing,1,1339,1,Male,66,4,5,Research Scientist,4,Divorced,13510,9180,0,Y,Yes,18,4,1,80,0,17,5,4,6,6,6,5
41,No,Travel_Rarely,1295,Research & Development,3,4,Other,1,1340,4,Female,69,4,1,Manufacturing Director,1,Married,2743,20545,1,Y,No,15,3,3,80,0,9,1,3,0,0,0,0
36,No,Travel_Frequently,1046,Research & Development,2,3,Life Sciences,1,1341,4,Female,37,3,5,Laboratory Technician,3,Married,13020,26309,1,Y,Yes,18,4,4,80,3,10,2,4,10,10,2,0
42,No,Travel_Rarely,986,Research & Development,1,4,Life Sciences,1,1342,2,Male,83,3,1,Healthcare Representative,3,Married,1994,9432,7,Y,No,17,4,4,80,3,18,2,2,3,3,0,3
33,Yes,Non-Travel,1390,Sales,11,4,Other,1,1343,1,Female,36,4,2,Sales Representative,4,Single,5744,17669,3,Y,No,11,3,4,80,0,8,2,2,1,1,1,1
36,No,Travel_Rarely,1324,Sales,3,3,Life Sciences,1,1344,3,Male,31,3,3,Sales Executive,2,Single,9724,13174,5,Y,No,11,3,4,80,0,10,1,3,1,0,1,1
29,No,Travel_Rarely,1408,Sales,4,3,Other,1,1345,4,Male,85,3,3,Sales Executive,3,Married,8557,8981,4,Y,No,11,3,4,80,1,8,3,4,8,0,3,4
37,No,Travel_Frequently,1329,Research & Development,23,4,Life Sciences,1,1346,3,Female,86,4,2,Manufacturing Director,1,Married,6214,7229,1,Y,Yes,12,3,4,80,2,23,4,3,9,6,0,7
30,Yes,Travel_Frequently,572,Research & Development,8,3,Technical Degree,1,1347,1,Female,78,3,2,Research Scientist,2,Married,5441,25928,3,Y,No,14,4,1,80,0,3,3,2,3,1,2,3
28,No,Travel_Rarely,450,Research & Development,1,1,Life Sciences,1,1348,4,Female,98,2,4,Laboratory Technician,1,Married,7745,2394,1,Y,No,19,3,4,80,3,3,5,3,3,0,3,1
40,No,Travel_Rarely,144,Human Resources,14,4,Other,1,1349,4,Male,37,2,1,Human Resources,3,Married,1009,14546,1,Y,No,20,4,3,80,0,2,1,3,2,2,1,1
40,No,Travel_Rarely,877,Research & Development,3,1,Life Sciences,1,1350,1,Female,92,3,2,Research Scientist,4,Single,5682,4922,4,Y,Yes,14,3,4,80,1,19,2,3,6,6,0,6
45,No,Travel_Frequently,583,Sales,7,4,Medical,1,1351,4,Male,75,3,1,Manager,2,Single,2484,14048,2,Y,No,14,3,1,80,1,6,2,3,6,1,6,6
34,Yes,Travel_Frequently,179,Research & Development,6,4,Life Sciences,1,1352,3,Male,96,2,2,Laboratory Technician,3,Divorced,5660,7471,4,Y,Yes,13,3,4,80,0,5,2,4,5,5,1,2
41,No,Travel_Rarely,1161,Research & Development,2,5,Life Sciences,1,1353,2,Male,75,3,1,Healthcare Representative,2,Married,5015,7801,1,Y,No,16,3,4,80,0,40,1,4,3,0,1,3
43,No,Travel_Rarely,917,Sales,1,1,Marketing,1,1354,3,Female,96,3,1,Sales Executive,1,Divorced,3589,4494,3,Y,No,16,3,4,80,0,29,3,3,22,1,1,1
42,No,Travel_Rarely,1299,Research & Development,2,3,Medical,1,1355,4,Female,71,3,2,Research Scientist,3,Single,6888,21636,1,Y,No,18,3,4,80,2,39,4,3,1,1,1,1
30,Yes,Travel_Rarely,1029,Sales,1,3,Other,1,1356,3,Female,93,2,1,Sales Representative,1,Divorced,2642,26472,2,Y,No,18,4,2,80,0,2,5,3,2,2,2,1
39,Yes,Travel_Rarely,748,Sales,3,3,Medical,1,1357,1,Male,82,3,1,Sales Representative,3,Single,1289,19498,1,Y,Yes,11,3,3,80,1,24,1,3,7,0,1,0
41,No,Travel_Rarely,1455,Research & Development,29,1,Technical Degree,1,1358,4,Male,36,1,3,Laboratory Technician,1,Single,7413,3643,2,Y,No,15,4,2,80,1,4,4,2,4,2,0,4
38,No,Non-Travel,753,Research & Development,5,3,Medical,1,1359,1,Male,36,3,2,Research Scientist,1,Divorced,3793,13204,0,Y,No,20,4,2,80,1,0,4,3,0,0,0,0
19,No,Travel_Rarely,1180,Research & Development,18,3,Other,1,1360,4,Male,65,3,4,Laboratory Technician,3,Single,12337,16350,1,Y,No,14,3,2,80,3,5,2,3,1,1,0,1
39,No,Travel_Frequently,865,Sales,7,2,Other,1,1361,3,Male,42,4,3,Sales Executive,3,Married,8686,10059,3,Y,No,19,3,2,80,1,8,1,4,1,1,0,1
58,No,Travel_Rarely,380,Research & Development,10,3,Life Sciences,1,1362,1,Female,96,3,1,Healthcare Representative,1,Single,3281,8996,2,Y,No,14,3,3,80,1,1,6,4,1,1,1,1
34,No,Travel_Rarely,560,Research & Development,2,4,Technical Degree,1,1363,1,Male,49,1,2,Laboratory Technician,3,Married,6854,19355,2,Y,No,16,3,4,80,1,8,3,1,6,0,0,0
31,No,Travel_Rarely,793,Research & Development,3,4,Technical Degree,1,1364,4,Male,82,3,1,Research Scientist,4,Divorced,1009,17182,2,Y,No,11,3,4,80,1,19,6,4,17,4,7,4
41,No,Travel_Rarely,626,Sales,6,4,Life Sciences,1,1365,3,Male,81,3,3,Sales Executive,4,Married,8382,9103,7,Y,No,11,3,1,80,0,5,3,3,4,4,0,4
40,No,Travel_Rarely,593,Research & Development,19,3,Medical,1,1366,3,Male,90,4,5,Research Director,1,Married,10534,21558,7,Y,Yes,18,4,1,80,2,5,2,3,0,0,0,0
48,No,Travel_Rarely,175,Sales,1,5,Life Sciences,1,1367,3,Male,90,4,2,Manager,3,Single,4989,5628,1,Y,No,18,3,2,80,0,5,2,3,2,1,0,2
26,No,Travel_Rarely,920,Sales,6,4,Technical Degree,1,1368,4,Female,85,2,3,Sales Executive,3,Married,7032,13893,1,Y,No,15,3,2,80,1,28,6,3,0,0,0,0
44,No,Travel_Rarely,256,Research & Development,1,3,Life Sciences,1,1369,3,Female,69,2,1,Manufacturing Director,1,Married,3493,9885,2,Y,No,11,4,1,80,1,1,2,3,1,1,0,1
43,No,Travel_Rarely,620,Research & Development,5,2,Life Sciences,1,1370,2,Female,92,2,2,Research Scientist,4,Single,5342,11606,0,Y,No,15,3,2,80,0,6,0,3,6,1,2,6
36,No,Travel_Rarely,476,Human Resources,9,3,Life Sciences,1,1371,2,Male,86,3,4,Human Resources,4,Single,12018,23814,1,Y,No,20,3,3,80,0,3,3,2,3,2,3,3
41,No,Travel_Rarely,1431,Research & Development,12,3,Medical,1,1372,4,Male,33,1,1,Manufacturing Director,4,Single,1597,16657,1,Y,Yes,22,3,3,80,0,25,2,3,4,3,4,1
47,No,Travel_Rarely,444,Sales,1,3,Technical Degree,1,1373,3,Male,55,2,1,Manager,4,Divorced,3564,21581,1,Y,No,14,3,3,80,0,1,2,3,0,0,0,0
45,No,Travel_Rarely,766,Research & Development,2,3,Other,1,1374,2,Female,91,3,2,Manager,4,Married,5243,21314,3,Y,No,11,3,2,80,2,6,3,1,2,2,0,2
27,No,Travel_Rarely,145,Research & Development,6,4,Medical,1,1375,4,Female,83,2,3,Healthcare Representative,3,Single,5047,8407,1,Y,Yes,18,4,4,80,2,6,2,3,6,4,0,2
45,No,Travel_Rarely,649,Sales,29,3,Life Sciences,1,1376,4,Male,91,2,2,Sales Executive,3,Married,3622,20595,0,Y,Yes,14,3,4,80,0,24,2,3,23,1,3,2
37,No,Travel_Rarely,1222,Research & Development,4,2,Marketing,1,1377,1,Male,47,3,4,Manufacturing Director,4,Married,9775,11420,5,Y,No,19,3,2,80,0,3,0,3,1,1,1,1
38,No,Travel_Frequently,266,Research & Development,5,4,Medical,1,1378,4,Male,39,3,1,Laboratory Technician,3,Married,4168,4811,5,Y,No,16,3,1,80,2,11,3,2,1,1,1,1
38,No,Travel_Rarely,847,Research & Development,5,3,Medical,1,1379,4,Female,65,3,2,Healthcare Representative,2,Divorced,5696,26604,5,Y,No,12,3,2,80,0,2,1,4,2,2,2,2
36,No,Travel_Rarely,1228,Research & Development,1,5,Life Sciences,1,1380,1,Female,31,4,3,Research Scientist,2,Married,5749,24892,1,Y,No,15,4,1,80,3,34,2,3,8,6,4,3
48,No,Travel_Rarely,537,Research & Development,13,2,Medical,1,1381,2,Male,89,2,1,Healthcare Representative,4,Divorced,2290,25919,0,Y,No,20,3,3,80,0,10,3,2,2,1,2,0
37,No,Non-Travel,548,Research & Development,3,5,Life Sciences,1,1382,4,Male,76,3,3,Laboratory Technician,1,Married,10527,16699,0,Y,No,15,3,1,80,1,11,2,3,11,0,4,11
28,No,Travel_Rarely,1132,Human Resources,11,1,Marketing,1,1383,4,Male,61,4,1,Human Resources,3,Single,2667,10475,1,Y,No,11,4,3,80,0,6,1,3,1,1,1,1
34,No,Travel_Rarely,1219,Research & Development,6,2,Medical,1,1384,2,Male,98,4,1,Research Director,4,Married,2009,13055,1,Y,No,11,3,2,80,0,5,3,2,5,5,3,5
39,Yes,Travel_Rarely,545,Sales,9,1,Technical Degree,1,1385,2,Male,80,3,1,Sales Executive,4,Married,3238,5473,5,Y,Yes,12,3,4,80,0,3,2,3,2,2,1,2
49,No,Travel_Frequently,580,Research & Development,1,4,Medical,1,1386,2,Male,96,3,4,Research Scientist,4,Married,11145,16443,9,Y,Yes,14,3,1,80,1,10,2,3,1,1,1,1
43,No,Travel_Rarely,138,Sales,20,4,Life Sciences,1,1387,3,Female,96,2,2,Sales Executive,3,Divorced,4316,13843,4,Y,No,18,3,3,80,0,34,3,3,3,2,1,1
30,Yes,Non-Travel,199,Research & Development,3,3,Technical Degree,1,1388,1,Female,97,3,3,Laboratory Technician,1,Married,8254,16123,3,Y,Yes,11,3,1,80,1,5,3,2,1,1,1,0
60,No,Travel_Frequently,915,Human Resources,10,5,Medical,1,1389,1,Male,85,4,1,Human Resources,4,Divorced,2007,3663,2,Y,No,21,3,1,80,0,24,3,3,5,3,1,0
40,No,Travel_Rarely,1146,Research & Development,14,3,Life Sciences,1,1390,3,Female,43,3,2,Laboratory Technician,2,Married,6079,22403,4,Y,No,11,3,4,80,0,2,3,3,2,2,0,2
49,No,Travel_Rarely,1357,Research & Development,7,3,Medical,1,1391,4,Male,45,3,2,Research Director,3,Married,5255,19965,7,Y,No,24,3,3,80,1,30,3,4,5,5,2,3
36,No,Travel_Rarely,569,Research & Development,4,4,Life Sciences,1,1392,3,Male,95,2,5,Research Scientist,2,Married,13223,22301,2,Y,No,22,4,1,80,0,5,4,2,5,3,1,5
42,No,Travel_Rarely,455,Research & Development,29,3,Technical Degree,1,1393,2,Male,62,3,3,Manager,2,Married,6361,5598,0,Y,No,16,3,3,80,0,5,2,3,3,1,2,2
45,No,Travel_Rarely,173,Research & Development,3,3,Medical,1,1394,3,Male,42,3,3,Healthcare Representative,3,Divorced,6268,4716,0,Y,Yes,11,3,3,80,0,7,1,3,0,0,0,0
49,No,Travel_Rarely,1477,Research & Development,27,4,Marketing,1,1395,3,Male,59,3,1,Research Scientist,2,Married,3918,7613,2,Y,No,15,4,3,80,1,14,3,2,14,6,2,5
47,No,Travel_Rarely,1177,Sales,2,4,Life Sciences,1,1396,4,Male,55,1,2,Sales Executive,3,Single,4881,25213,1,Y,No,14,3,3,80,3,14,2,3,12,0,0,1
45,No,Travel_Rarely,1347,Research & Development,4,5,Life Sciences,1,1397,4,Male,42,3,2,Research Scientist,4,Married,5428,3007,6,Y,No,11,3,4,80,1,7,3,3,1,1,1,1
35,No,Travel_Frequently,1125,Research & Development,1,4,Other,1,1398,2,Female,97,3,4,Manufacturing Director,2,Married,9540,15149,2,Y,No,16,3,2,80,0,8,2,1,4,4,4,3
32,No,Travel_Rarely,1450,Research & Development,1,2,Technical Degree,1,1399,3,Male,62,2,1,Research Scientist,2,Single,3848,7323,3,Y,No,12,4,3,80,0,0,2,3,0,0,0,0
41,No,Travel_Rarely,1091,Sales,3,4,Life Sciences,1,1400,3,Male,44,2,1,Sales Executive,3,Single,1588,26717,0,Y,No,13,4,2,80,0,4,4,3,1,1,1,1
46,No,Travel_Frequently,561,Research & Development,1,3,Life Sciences,1,1401,3,Male,46,3,2,Research Director,3,Married,4797,23679,2,Y,No,14,3,4,80,0,5,2,2,5,5,1,4
36,No,Travel_Rarely,1292,Research & Development,29,5,Life Sciences,1,1402,3,Female,35,3,1,Manager,4,Married,3679,12958,1,Y,No,13,4,4,80,0,9,3,4,5,5,4,3
47,No,Travel_Rarely,1408,Research & Development,13,3,Medical,1,1403,4,Male,34,3,1,Research Director,1,Married,4259,23875,3,Y,No,23,3,4,80,0,9,1,4,2,0,2,2
51,No,Travel_Rarely,602,Sales,1,3,Marketing,1,1404,4,Female,62,4,4,Sales Executive,4,Single,9214,14691,1,Y,Yes,13,4,4,80,0,14,1,3,1,1,0,1
29,No,Travel_Rarely,818,Sales,2,3,Marketing,1,1405,3,Male,83,3,2,Sales Representative,3,Single,7940,25173,9,Y,No,17,3,4,80,0,14,0,3,10,1,4,1
30,No,Travel_Rarely,468,Research & Development,10,3,Medical,1,1406,4,Male,45,4,4,Research Scientist,3,Married,10470,2635,3,Y,No,16,3,3,80,0,3,2,3,3,3,3,3
36,No,Travel_Rarely,1161,Sales,5,1,Technical Degree,1,1407,4,Male,75,3,4,Sales Executive,1,Married,8436,6956,3,Y,Yes,17,3,4,80,0,16,6,3,2,2,2,2
40,Yes,Travel_Frequently,708,Sales,16,4,Medical,1,1408,4,Male,53,3,1,Sales Executive,3,Single,3054,11492,6,Y,No,17,3,4,80,0,0,4,4,0,0,0,0
33,No,Travel_Frequently,629,Research & Development,6,4,Life Sciences,1,1409,4,Male,34,2,2,Healthcare Representative,2,Single,4426,26853,9,Y,No,18,3,1,80,1,14,3,3,9,6,3,5
50,Yes,Travel_Frequently,1100,Sales,10,2,Medical,1,1410,2,Male,96,3,1,Sales Executive,2,Married,3151,26199,1,Y,Yes,16,3,3,80,0,1,4,3,1,1,1,1
41,No,Travel_Frequently,850,Research & Development,8,4,Other,1,1411,2,Male,79,4,4,Research Scientist,3,Single,9936,10274,4,Y,No,16,3,4,80,0,14,3,3,14,6,3,2
38,No,Travel_Rarely,703,Research & Development,9,3,Technical Degree,1,1412,4,Male,70,3,2,Research Director,4,Single,5111,25087,0,Y,No,15,3,4,80,0,8,2,3,8,2,5,8
25,No,Travel_Rarely,721,Research & Development,2,3,Medical,1,1413,4,Male,84,3,2,Laboratory Technician,4,Single,3633,23212,2,Y,No,15,3,4,80,1,6,1,4,3,2,3,3
26,No,Travel_Frequently,356,Research & Development,4,2,Medical,1,1414,4,Female,49,2,1,Laboratory Technician,3,Divorced,3985,15842,0,Y,No,12,3,4,80,2,13,3,3,4,2,1,2
40,No,Travel_Rarely,1031,Research & Development,1,4,Other,1,1415,1,Male,79,3,2,Laboratory Technician,3,Married,3266,23167,2,Y,No,15,3,4,80,0,0,2,3,0,0,0,0
18,Yes,Travel_Frequently,778,Sales,8,4,Medical,1,1416,3,Female,64,3,1,Manager,3,Married,1009,11542,2,Y,Yes,16,4,3,80,1,3,2,3,2,2,0,2
47,No,Travel_Rarely,1325,Research & Development,6,3,Life Sciences,1,1417,1,Female,79,3,2,Research Scientist,4,Married,5551,16226,2,Y,No,17,3,1,80,1,11,4,2,4,0,0,0
36,No,Travel_Rarely,937,Research & Development,13,3,Other,1,1418,3,Male,62,3,3,Research Scientist,3,Married,9904,13037,3,Y,No,16,3,1,80,1,21,1,3,7,7,2,7
60,No,Travel_Rarely,770,Research & Development,2,1,Technical Degree,1,1419,1,Male,96,3,4,Manufacturing Director,2,Married,9471,22574,2,Y,No,14,4,3,80,2,5,1,4,5,5,2,3
58,Yes,Travel_Frequently,1156,Sales,5,3,Life Sciences,1,1420,1,Male,39,3,1,Sales Representative,2,Married,3551,9245,1,Y,No,15,3,3,80,2,3,2,3,3,1,0,3
36,Yes,Travel_Rarely,702,Research & Development,2,2,Medical,1,1421,1,Female,70,3,2,Research Scientist,3,Single,6610,23292,5,Y,Yes,13,3,3,80,0,8,3,3,6,0,1,1
37,No,Travel_Rarely,587,Research & Development,9,2,Medical,1,1422,3,Female,69,3,4,Manufacturing Director,3,Married,11222,5874,2,Y,No,16,3,3,80,0,11,2,3,2,2,0,2
47,No,Travel_Rarely,360,Research & Development,17,4,Life Sciences,1,1423,2,Female,35,3,1,Manufacturing Director,1,Married,2033,10568,2,Y,No,14,3,4,80,1,6,3,3,4,4,2,4
53,No,Travel_Rarely,354,Research & Development,13,4,Other,1,1424,1,Female,62,3,4,Healthcare Representative,4,Married,8363,22078,9,Y,Yes,16,3,2,80,3,23,2,4,5,4,4,5
23,No,Travel_Rarely,595,Human Resources,26,3,Life Sciences,1,1425,2,Female,45,2,1,Human Resources,4,Married,1009,25452,1,Y,No,19,3,4,80,2,8,3,3,8,1,3,8
22,Yes,Travel_Rarely,1359,Human Resources,29,2,Technical Degree,1,1426,1,Male,53,3,3,Manager,3,Single,7106,18349,2,Y,Yes,13,3,4,80,0,0,2,2,0,0,0,0
32,Yes,Travel_Rarely,1232,Research & Development,13,3,Life Sciences,1,1427,4,Male,89,2,2,Healthcare Representative,1,Married,6767,11495,3,Y,Yes,17,3,3,80,0,3,6,3,3,1,3,1
43,No,Travel_Rarely,891,Sales,3,4,Medical,1,1428,2,Female,40,2,2,Sales Executive,2,Married,3314,24743,0,Y,Yes,15,3,3,80,1,7,3,3,7,0,2,7
42,No,Travel_Rarely,437,Research & Development,2,4,Life Sciences,1,1429,2,Male,73,4,4,Research Scientist,4,Divorced,11050,2534,1,Y,No,23,3,4,80,1,13,4,2,1,1,1,1
47,No,Travel_Rarely,154,Sales,5,4,Marketing,1,1430,4,Male,32,3,1,Sales Executive,4,Married,1075,22285,4,Y,No,14,3,4,80,1,3,3,4,2,2,2,1
27,Yes,Travel_Rarely,788,Research & Development,29,3,Medical,1,1431,3,Female,67,3,1,Laboratory Technician,2,Married,2659,15020,1,Y,Yes,18,3,2,80,1,40,3,4,3,3,3,0
18,No,Travel_Rarely,1167,Research & Development,5,4,Medical,1,1432,4,Male,69,4,2,Manufacturing Director,1,Married,6062,18951,2,Y,No,15,4,1,80,0,4,2,3,2,2,2,2
45,No,Travel_Frequently,1385,Research & Development,2,2,Life Sciences,1,1433,3,Female,48,4,4,Laboratory Technician,3,Divorced,9011,9383,2,Y,Yes,11,3,2,80,2,8,3,3,7,1,2,0
30,No,Travel_Rarely,1494,Sales,26,3,Life Sciences,1,1434,4,Female,69,3,1,Sales Executive,2,Married,2756,20335,3,Y,No,13,4,1,80,2,0,3,3,0,0,0,0
19,No,Travel_Rarely,311,Research & Development,4,3,Life Sciences,1,1435,2,Male,82,3,3,Healthcare Representative,3,Married,6877,21257,3,Y,Yes,18,3,2,80,0,24,3,3,1,0,1,1
39,No,Travel_Rarely,1167,Research & Development,11,3,Life Sciences,1,1436,4,Female,65,3,2,Laboratory Technician,4,Married,6058,7130,5,Y,No,14,3,2,80,1,17,1,1,2,2,2,2
45,No,Travel_Rarely,1114,Research & Development,14,5,Medical,1,1437,4,Male,96,2,1,Manager,2,Married,2853,18244,1,Y,No,11,3,3,80,1,2,0,2,2,2,2,2
37,No,Travel_Rarely,1478,Sales,17,4,Medical,1,1438,3,Male,49,2,3,Sales Executive,1,Divorced,7585,22820,3,Y,No,15,3,4,80,0,30,2,2,15,4,1,2
33,Yes,Travel_Rarely,783,Research & Development,15,2,Medical,1,1439,3,Male,57,3,1,Research Scientist,4,Single,4838,14569,3,Y,Yes,11,4,3,80,0,4,1,1,4,3,1,3
36,Yes,Travel_Rarely,995,Sales,16,2,Medical,1,1440,3,Male,86,3,2,Sales Executive,1,Single,5993,13641,1,Y,No,16,3,4,80,0,13,5,3,1,1,1,1
34,No,Travel_Rarely,1384,Human Resources,10,3,Life Sciences,1,1441,1,Male,32,2,1,Human Resources,4,Divorced,1464,7337,9,Y,No,21,3,4,80,2,19,1,3,6,2,4,1
25,No,Travel_Rarely,438,Research & Development,5,3,Life Sciences,1,1442,2,Male,66,3,2,Laboratory Technician,3,Married,4871,25511,5,Y,No,18,3,4,80,0,15,2,2,0,0,0,0
31,No,Travel_Rarely,817,Sales,10,3,Life Sciences,1,1443,4,Male,47,3,2,Sales Representative,4,Married,4886,6436,1,Y,No,21,3,3,80,0,27,3,2,3,3,0,2
42,No,Travel_Rarely,950,Research & Development,16,4,Technical Degree,1,1444,3,Male,75,4,2,Manager,2,Married,5120,13763,3,Y,No,13,3,2,80,0,22,4,3,11,1,1,4
40,Yes,Travel_Rarely,776,Sales,4,5,Medical,1,1445,2,Female,34,3,2,Sales Executive,1,Single,8787,7148,3,Y,Yes,15,4,4,80,0,40,3,3,4,4,0,1
39,No,Travel_Rarely,206,Research & Development,3,4,Life Sciences,1,1446,4,Female,86,3,2,Healthcare Representative,3,Married,5556,21816,1,Y,No,11,3,4,80,0,2,2,3,1,1,0,1
29,Yes,Travel_Frequently,804,Sales,4,4,Life Sciences,1,1447,3,Male,55,4,1,Sales Representative,3,Married,1009,26235,5,Y,No,13,4,3,80,1,4,2,1,4,1,1,4
36,Yes,Travel_Rarely,1249,Sales,7,3,Technical Degree,1,1448,1,Male,62,4,2,Sales Representative,2,Single,4186,12112,3,Y,No,12,3,1,80,1,11,2,3,2,2,2,1
18,No,Travel_Rarely,1224,Sales,1,2,Marketing,1,1449,4,Male,65,3,5,Sales Executive,4,Single,9601,24772,3,Y,Yes,11,3,4,80,1,15,2,4,3,3,3,0
39,No,Travel_Rarely,107,Sales,14,3,Medical,1,1450,4,Male,51,4,4,Sales Executive,4,Divorced,9505,22697,1,Y,Yes,20,3,2,80,1,8,2,3,5,0,1,5
50,No,Travel_Frequently,901,Research & Development,1,3,Life Sciences,1,1451,1,Female,46,3,1,Research Scientist,3,Single,1009,26664,1,Y,No,11,3,1,80,1,1,1,3,1,1,1,1
24,No,Travel_Rarely,1392,Research & Development,1,4,Life Sciences,1,1452,4,Female,73,2,1,Manufacturing Director,1,Divorced,1193,8509,1,Y,No,20,3,4,80,0,20,5,4,19,2,3,2
32,No,Travel_Rarely,1168,Sales,2,2,Other,1,1453,2,Male,81,2,5,Sales Representative,4,Single,10219,3988,3,Y,No,20,3,3,80,1,36,0,2,6,4,6,2
41,No,Travel_Rarely,754,Research & Development,8,3,Technical Degree,1,1454,3,Male,51,3,2,Laboratory Technician,4,Married,5576,7553,2,Y,Yes,17,3,3,80,0,6,2,4,6,1,5,6
49,No,Travel_Frequently,1394,Research & Development,3,3,Life Sciences,1,1455,1,Male,98,3,2,Research Scientist,3,Divorced,5001,22279,0,Y,Yes,11,3,4,80,0,3,6,3,3,3,0,3
34,No,Travel_Frequently,652,Sales,4,5,Technical Degree,1,1456,3,Female,30,3,3,Manager,4,Married,7954,21133,1,Y,No,11,3,3,80,0,0,3,3,0,0,0,0
31,Yes,Travel_Frequently,1043,Sales,24,3,Marketing,1,1457,2,Male,59,3,1,Sales Representative,1,Married,2343,5612,2,Y,No,13,3,3,80,0,3,2,3,3,3,0,0
20,Yes,Travel_Rarely,775,Sales,17,4,Life Sciences,1,1458,2,Female,68,1,2,Manager,2,Married,2909,7775,3,Y,No,18,3,2,80,0,13,1,3,0,0,0,0
39,No,Travel_Rarely,1320,Research & Development,17,4,Medical,1,1459,4,Female,64,1,5,Manufacturing Director,1,Married,13270,23554,3,Y,No,15,3,2,80,0,27,5,3,7,7,3,2
56,No,Travel_Rarely,1029,Sales,8,2,Life Sciences,1,1460,1,Male,98,3,3,Sales Executive,4,Single,10383,11766,2,Y,No,11,3,4,80,1,1,0,3,1,1,1,1
40,No,Travel_Rarely,425,Research & Development,18,3,Life Sciences,1,1461,4,Male,99,2,1,Healthcare Representative,3,Divorced,3114,19123,0,Y,No,19,3,3,80,1,9,3,3,1,1,1,1
37,Yes,Travel_Frequently,717,Research & Development,14,4,Marketing,1,1462,3,Female,40,3,1,Healthcare Representative,2,Married,1861,16493,1,Y,Yes,21,3,1,80,0,13,4,2,4,4,1,2
40,No,Non-Travel,858,Research & Development,28,3,Life Sciences,1,1463,4,Male,80,3,1,Laboratory Technician,1,Married,1009,15798,1,Y,No,14,3,1,80,3,4,0,3,4,0,4,2
38,No,Non-Travel,1190,Sales,1,5,Technical Degree,1,1464,3,Male,92,3,3,Sales Executive,1,Married,6138,3792,4,Y,No,16,3,3,80,1,9,3,3,9,9,0,2
30,No,Travel_Rarely,302,Human Resources,1,2,Other,1,1465,1,Male,63,3,1,Human Resources,1,Single,3180,26415,0,Y,No,11,3,3,80,2,14,6,2,3,3,0,0
45,Yes,Travel_Rarely,343,Research & Development,2,1,Life Sciences,1,1466,1,Female,84,3,1,Laboratory Technician,3,Single,4110,22048,2,Y,Yes,14,3,3,80,1,20,3,2,5,5,1,5
40,No,Travel_Rarely,1132,Human Resources,24,4,Medical,1,1467,4,Female,49,3,5,Human Resources,2,Married,12891,14899,3,Y,No,17,3,3,80,0,7,2,2,7,3,0,1
38,No,Travel_Rarely,1344,Research & Development,8,4,Technical Degree,1,1468,4,Female,87,4,1,Healthcare Representative,2,Married,3700,5520,8,Y,No,17,3,1,80,3,15,4,3,3,3,3,1
29,No,Travel_Rarely,104,Sales,5,5,Technical Degree,1,1469,2,Female,46,4,1,Manager,4,Married,3562,13990,9,Y,No,13,3,3,80,2,4,3,3,1,0,0,1
49,No,Non-Travel,955,Sales,6,4,Marketing,1,1470,3,Female,63,3,1,Sales Executive,3,Divorced,3260,13510,8,Y,No,14,3,4,80,1,3,4,2,2,2,2,2
